Date,liga,HomeTeam,AwayTeam,total_real,data_corte_modelo,prob_over_3.5,over_real_3.5
2023-05-25,La Liga,Mallorca,Valencia,6.0,2023-05-25,0.9121442037925408,1.0
2023-05-25,La Liga,Osasuna,Ath Bilbao,6.0,2023-05-25,0.5804379393485498,1.0
2023-05-27,La Liga,Sevilla,Real Madrid,6.0,2023-05-25,0.6670898138759155,1.0
2023-05-28,La Liga,Vallecano,Villarreal,8.0,2023-05-25,0.6760931686751973,1.0
2023-05-28,La Liga,Valencia,Espanol,4.0,2023-05-25,0.8875887550001821,1.0
2023-05-28,La Liga,Girona,Betis,1.0,2023-05-25,0.6750600455232192,0.0
2023-05-28,La Liga,Getafe,Osasuna,4.0,2023-05-25,0.7238483714227335,1.0
2023-05-28,La Liga,Cadiz,Celta,14.0,2023-05-25,0.7748653362034461,1.0
2023-05-28,La Liga,Barcelona,Mallorca,0.0,2023-05-25,0.7889190928530111,0.0
2023-05-28,La Liga,Ath Madrid,Sociedad,4.0,2023-05-25,0.6905788518770964,1.0
2023-05-28,La Liga,Ath Bilbao,Elche,2.0,2023-05-25,0.6812115529194522,0.0
2023-05-28,La Liga,Almeria,Valladolid,4.0,2023-05-25,0.6280479831398486,1.0
2023-06-04,La Liga,Valladolid,Getafe,4.0,2023-05-25,0.7697117923378136,1.0
2023-06-04,La Liga,Espanol,Almeria,5.0,2023-05-25,0.7832447591183217,1.0
2023-06-04,La Liga,Elche,Cadiz,7.0,2023-05-25,0.7231236684893387,1.0
2023-06-04,La Liga,Celta,Barcelona,4.0,2023-05-25,0.6870335316897809,1.0
2023-06-04,La Liga,Betis,Valencia,3.0,2023-05-25,0.8073843830020158,0.0
2023-06-04,La Liga,Mallorca,Vallecano,0.0,2023-05-25,0.823093123777822,0.0
2023-06-04,La Liga,Sociedad,Sevilla,1.0,2023-05-25,0.7566184889673163,0.0
2023-06-04,La Liga,Real Madrid,Ath Bilbao,4.0,2023-05-25,0.5942428768437534,1.0
2023-06-04,La Liga,Osasuna,Girona,6.0,2023-05-25,0.5749267078575492,1.0
2023-06-04,La Liga,Villarreal,Ath Madrid,5.0,2023-05-25,0.6786875257020725,1.0
2023-08-11,La Liga,Sevilla,Valencia,5.0,2023-08-11,0.8585824278048638,1.0
2023-08-11,La Liga,Almeria,Vallecano,4.0,2023-08-11,0.6897884875013099,1.0
2023-08-12,La Liga,Las Palmas,Mallorca,5.0,2023-08-11,0.8415612319099437,1.0
2023-08-12,La Liga,Ath Bilbao,Real Madrid,4.0,2023-08-11,0.596693493215922,1.0
2023-08-12,La Liga,Sociedad,Girona,7.0,2023-08-11,0.6707672992879369,1.0
2023-08-13,La Liga,Getafe,Barcelona,10.0,2023-08-11,0.778385764587791,1.0
2023-08-13,La Liga,Celta,Osasuna,2.0,2023-08-11,0.6565659667171214,0.0
2023-08-13,La Liga,Villarreal,Betis,4.0,2023-08-11,0.6520724220905085,1.0
2023-08-14,La Liga,Cadiz,Alaves,5.0,2023-08-11,0.7556314605874394,1.0
2023-08-14,La Liga,Ath Madrid,Granada,4.0,2023-08-11,0.7775011667117846,1.0
2023-08-18,La Liga,Mallorca,Villarreal,6.0,2023-08-11,0.7829514405523043,1.0
2023-08-18,La Liga,Valencia,Las Palmas,0.0,2023-08-11,0.8523185239487537,0.0
2023-08-19,La Liga,Sociedad,Celta,3.0,2023-08-11,0.724413000729834,0.0
2023-08-19,La Liga,Almeria,Real Madrid,1.0,2023-08-11,0.5956291639991977,0.0
2023-08-19,La Liga,Osasuna,Ath Bilbao,6.0,2023-08-11,0.5905336242397186,1.0
2023-08-20,La Liga,Girona,Getafe,7.0,2023-08-11,0.8188194371665015,1.0
2023-08-20,La Liga,Barcelona,Cadiz,7.0,2023-08-11,0.7266601937539826,1.0
2023-08-20,La Liga,Betis,Ath Madrid,3.0,2023-08-11,0.6701047458757439,0.0
2023-08-21,La Liga,Alaves,Sevilla,3.0,2023-08-11,0.7334886824704888,0.0
2023-08-21,La Liga,Granada,Vallecano,3.0,2023-08-11,0.7735456694907541,0.0
2023-08-25,La Liga,Celta,Real Madrid,5.0,2023-08-11,0.6514530941346721,1.0
2023-08-25,La Liga,Las Palmas,Sociedad,5.0,2023-08-11,0.7277103746582518,1.0
2023-08-26,La Liga,Cadiz,Almeria,5.0,2023-08-11,0.7687730724968777,1.0
2023-08-26,La Liga,Granada,Mallorca,9.0,2023-08-11,0.8587028703757982,1.0
2023-08-26,La Liga,Sevilla,Girona,3.0,2023-08-11,0.7449007491459702,0.0
2023-08-27,La Liga,Villarreal,Barcelona,6.0,2023-08-11,0.627126603195071,1.0
2023-08-27,La Liga,Valencia,Osasuna,7.0,2023-08-11,0.733433663941586,1.0
2023-08-27,La Liga,Ath Bilbao,Betis,6.0,2023-08-11,0.662800663962976,1.0
2023-08-28,La Liga,Getafe,Alaves,3.0,2023-08-11,0.8039805225299167,0.0
2023-08-28,La Liga,Vallecano,Ath Madrid,7.0,2023-08-11,0.7001773887775429,1.0
2023-09-01,La Liga,Cadiz,Villarreal,9.0,2023-08-11,0.76319887861846,1.0
2023-09-01,La Liga,Almeria,Celta,2.0,2023-08-11,0.7393371609209939,0.0
2023-09-02,La Liga,Betis,Vallecano,8.0,2023-08-11,0.6645118681032446,1.0
2023-09-02,La Liga,Alaves,Valencia,6.0,2023-08-11,0.7982714177578598,1.0
2023-09-02,La Liga,Real Madrid,Getafe,8.0,2023-08-11,0.7612478916894335,1.0
2023-09-02,La Liga,Sociedad,Granada,6.0,2023-08-11,0.7600533452470077,1.0
2023-09-03,La Liga,Girona,Las Palmas,6.0,2023-08-11,0.7385391291607636,1.0
2023-09-03,La Liga,Mallorca,Ath Bilbao,1.0,2023-08-11,0.7919490257216388,0.0
2023-09-03,La Liga,Osasuna,Barcelona,4.0,2023-08-11,0.5336251718216264,1.0
2023-09-15,La Liga,Vallecano,Alaves,5.0,2023-09-15,0.6644292572086115,1.0
2023-09-16,La Liga,Ath Bilbao,Cadiz,5.0,2023-09-15,0.7845835491392157,1.0
2023-09-16,La Liga,Valencia,Ath Madrid,6.0,2023-09-15,0.8117092029727236,1.0
2023-09-16,La Liga,Celta,Mallorca,4.0,2023-09-15,0.8249678120047226,1.0
2023-09-16,La Liga,Barcelona,Betis,3.0,2023-09-15,0.6392193628171841,0.0
2023-09-17,La Liga,Sevilla,Las Palmas,8.0,2023-09-15,0.6301210618104305,1.0
2023-09-17,La Liga,Real Madrid,Sociedad,5.0,2023-09-15,0.5852369069652543,1.0
2023-09-17,La Liga,Getafe,Osasuna,8.0,2023-09-15,0.7485208402770669,1.0
2023-09-17,La Liga,Villarreal,Almeria,5.0,2023-09-15,0.6554596284518354,1.0
2023-09-18,La Liga,Granada,Girona,6.0,2023-09-15,0.7802372575103054,1.0
2023-09-22,La Liga,Alaves,Ath Bilbao,4.0,2023-09-15,0.6455761252715417,1.0
2023-09-23,La Liga,Girona,Mallorca,6.0,2023-09-15,0.7977232120517516,1.0
2023-09-23,La Liga,Osasuna,Sevilla,5.0,2023-09-15,0.6453057559220441,1.0
2023-09-23,La Liga,Barcelona,Celta,3.0,2023-09-15,0.6942705171185123,0.0
2023-09-23,La Liga,Almeria,Valencia,6.0,2023-09-15,0.7658830132443326,1.0
2023-09-24,La Liga,Sociedad,Getafe,5.0,2023-09-15,0.8359472279835203,1.0
2023-09-24,La Liga,Vallecano,Villarreal,5.0,2023-09-15,0.7054951039159053,1.0
2023-09-24,La Liga,Betis,Cadiz,5.0,2023-09-15,0.7695525268722063,1.0
2023-09-24,La Liga,Las Palmas,Granada,10.0,2023-09-15,0.6713844430943231,1.0
2023-09-24,La Liga,Ath Madrid,Real Madrid,4.0,2023-09-15,0.602891527356553,1.0
2023-09-26,La Liga,Sevilla,Almeria,5.0,2023-09-15,0.6957995026434278,1.0
2023-09-26,La Liga,Mallorca,Barcelona,5.0,2023-09-15,0.7617398332475941,1.0
2023-09-27,La Liga,Valencia,Sociedad,11.0,2023-09-15,0.7920762346944427,1.0
2023-09-27,La Liga,Cadiz,Vallecano,11.0,2023-09-15,0.7950517616824422,1.0
2023-09-27,La Liga,Villarreal,Girona,5.0,2023-09-15,0.7070221203139827,1.0
2023-09-27,La Liga,Real Madrid,Las Palmas,1.0,2023-09-15,0.47595750566662004,0.0
2023-09-27,La Liga,Ath Bilbao,Getafe,11.0,2023-09-15,0.8352823702704456,1.0
2023-09-28,La Liga,Celta,Alaves,8.0,2023-09-15,0.698178649684674,1.0
2023-09-28,La Liga,Granada,Betis,3.0,2023-09-15,0.7519601715255563,0.0
2023-09-28,La Liga,Osasuna,Ath Madrid,6.0,2023-09-15,0.5977603958861241,1.0
2023-09-29,La Liga,Barcelona,Sevilla,5.0,2023-09-15,0.7139782418732408,1.0
2023-09-30,La Liga,Getafe,Villarreal,6.0,2023-09-15,0.8365752383565557,1.0
2023-09-30,La Liga,Vallecano,Mallorca,7.0,2023-09-15,0.79933331842821,1.0
2023-09-30,La Liga,Girona,Real Madrid,4.0,2023-09-15,0.6082661679372154,1.0
2023-09-30,La Liga,Sociedad,Ath Bilbao,4.0,2023-09-15,0.6780664696568096,1.0
2023-10-01,La Liga,Ath Madrid,Cadiz,4.0,2023-09-15,0.789330718850878,1.0
2023-10-01,La Liga,Betis,Valencia,4.0,2023-09-15,0.7833533011842029,1.0
2023-10-01,La Liga,Almeria,Granada,3.0,2023-09-15,0.731140041630872,0.0
2023-10-01,La Liga,Alaves,Osasuna,5.0,2023-09-15,0.5499838855472626,1.0
2023-10-02,La Liga,Las Palmas,Celta,3.0,2023-09-15,0.6098381862158786,0.0
2023-10-06,La Liga,Ath Bilbao,Almeria,2.0,2023-09-15,0.6452201916933009,0.0
2023-10-07,La Liga,Cadiz,Girona,4.0,2023-09-15,0.7933645307144036,1.0
2023-10-07,La Liga,Real Madrid,Osasuna,4.0,2023-09-15,0.5132116191828432,1.0
2023-10-07,La Liga,Mallorca,Valencia,3.0,2023-09-15,0.8806138009829115,0.0
2023-10-07,La Liga,Sevilla,Vallecano,7.0,2023-09-15,0.7483699430554864,1.0
2023-10-08,La Liga,Villarreal,Las Palmas,8.0,2023-09-15,0.5765083976973865,1.0
2023-10-08,La Liga,Ath Madrid,Sociedad,6.0,2023-09-15,0.6829162153546102,1.0
2023-10-08,La Liga,Alaves,Betis,6.0,2023-09-15,0.6276832908603238,1.0
2023-10-08,La Liga,Celta,Getafe,9.0,2023-09-15,0.8699572099699779,1.0
2023-10-08,La Liga,Granada,Barcelona,5.0,2023-09-15,0.7439959817190009,1.0
2023-10-20,La Liga,Osasuna,Granada,7.0,2023-10-20,0.7024526007956275,1.0
2023-10-21,La Liga,Celta,Ath Madrid,5.0,2023-10-20,0.7349899410880517,1.0
2023-10-21,La Liga,Sevilla,Real Madrid,7.0,2023-10-20,0.6532147328635096,1.0
2023-10-21,La Liga,Sociedad,Mallorca,6.0,2023-10-20,0.7852009919150185,1.0
2023-10-21,La Liga,Getafe,Betis,7.0,2023-10-20,0.8204097761874476,1.0
2023-10-22,La Liga,Las Palmas,Vallecano,7.0,2023-10-20,0.7566009938993931,1.0
2023-10-22,La Liga,Girona,Almeria,3.0,2023-10-20,0.6318283782291715,0.0
2023-10-22,La Liga,Villarreal,Alaves,7.0,2023-10-20,0.692742233219625,1.0
2023-10-22,La Liga,Barcelona,Ath Bilbao,6.0,2023-10-20,0.6464516093323863,1.0
2023-10-23,La Liga,Valencia,Cadiz,3.0,2023-10-20,0.885095958985646,0.0
2023-10-27,La Liga,Girona,Celta,5.0,2023-10-20,0.7230014145617385,1.0
2023-10-28,La Liga,Almeria,Las Palmas,4.0,2023-10-20,0.6597397561719821,1.0
2023-10-28,La Liga,Barcelona,Real Madrid,3.0,2023-10-20,0.5408127008079786,0.0
2023-10-28,La Liga,Mallorca,Getafe,1.0,2023-10-20,0.9004319395151098,0.0
2023-10-28,La Liga,Cadiz,Sevilla,10.0,2023-10-20,0.8369532916597663,1.0
2023-10-29,La Liga,Ath Bilbao,Valencia,4.0,2023-10-20,0.797620790310404,1.0
2023-10-29,La Liga,Ath Madrid,Alaves,5.0,2023-10-20,0.6822592255317852,1.0
2023-10-29,La Liga,Vallecano,Sociedad,5.0,2023-10-20,0.730483188557404,1.0
2023-10-29,La Liga,Betis,Osasuna,7.0,2023-10-20,0.5807803202625192,1.0
2023-10-30,La Liga,Granada,Villarreal,4.0,2023-10-20,0.7845282863419295,1.0
2023-11-03,La Liga,Las Palmas,Ath Madrid,3.0,2023-10-20,0.7248137851535131,0.0
2023-11-04,La Liga,Osasuna,Girona,8.0,2023-10-20,0.6145758479000704,1.0
2023-11-04,La Liga,Betis,Mallorca,5.0,2023-10-20,0.7501153805034516,1.0
2023-11-04,La Liga,Celta,Sevilla,7.0,2023-10-20,0.7887775831827292,1.0
2023-11-04,La Liga,Sociedad,Barcelona,6.0,2023-10-20,0.6495350768763659,1.0
2023-11-05,La Liga,Alaves,Almeria,5.0,2023-10-20,0.6112499452790306,1.0
2023-11-05,La Liga,Valencia,Granada,8.0,2023-10-20,0.8721610469118776,1.0
2023-11-05,La Liga,Villarreal,Ath Bilbao,8.0,2023-10-20,0.7014734825642651,1.0
2023-11-05,La Liga,Real Madrid,Vallecano,8.0,2023-10-20,0.6337964406963977,1.0
2023-11-06,La Liga,Getafe,Cadiz,8.0,2023-10-20,0.9087716513082217,1.0
2023-11-10,La Liga,Ath Bilbao,Celta,4.0,2023-10-20,0.7182062389280097,1.0
2023-11-11,La Liga,Real Madrid,Valencia,4.0,2023-10-20,0.7062464529942711,1.0
2023-11-11,La Liga,Osasuna,Las Palmas,2.0,2023-10-20,0.6445406874837181,0.0
2023-11-11,La Liga,Almeria,Sociedad,4.0,2023-10-20,0.6303197948413258,1.0
2023-11-11,La Liga,Vallecano,Girona,3.0,2023-10-20,0.73161300897806,0.0
2023-11-11,La Liga,Granada,Getafe,6.0,2023-10-20,0.9051584636204413,1.0
2023-11-12,La Liga,Barcelona,Alaves,3.0,2023-10-20,0.6383271979255043,0.0
2023-11-12,La Liga,Sevilla,Betis,2.0,2023-10-20,0.7163129840780622,0.0
2023-11-12,La Liga,Ath Madrid,Villarreal,2.0,2023-10-20,0.7092458173855245,0.0
2023-11-24,La Liga,Alaves,Granada,4.0,2023-11-24,0.772534140290228,1.0
2023-11-25,La Liga,Vallecano,Barcelona,7.0,2023-11-24,0.6994218240936134,1.0
2023-11-25,La Liga,Valencia,Celta,5.0,2023-11-24,0.8173062801052036,1.0
2023-11-25,La Liga,Getafe,Almeria,6.0,2023-11-24,0.7775726466000105,1.0
2023-11-25,La Liga,Ath Madrid,Mallorca,0.0,2023-11-24,0.7567124856651865,0.0
2023-11-26,La Liga,Cadiz,Real Madrid,6.0,2023-11-24,0.7124966092390912,1.0
2023-11-26,La Liga,Villarreal,Osasuna,0.0,2023-11-24,0.652300638447235,0.0
2023-11-26,La Liga,Sociedad,Sevilla,3.0,2023-11-24,0.7723215901666356,0.0
2023-11-26,La Liga,Betis,Las Palmas,3.0,2023-11-24,0.6518387294851242,0.0
2023-11-27,La Liga,Girona,Ath Bilbao,2.0,2023-11-24,0.695888941727324,0.0
2023-11-29,La Liga,Mallorca,Cadiz,5.0,2023-11-24,0.8475662856400272,1.0
2023-12-01,La Liga,Las Palmas,Getafe,5.0,2023-11-24,0.8408760112613637,1.0
2023-12-02,La Liga,Girona,Valencia,5.0,2023-11-24,0.7939771864602828,1.0
2023-12-02,La Liga,Ath Bilbao,Vallecano,3.0,2023-11-24,0.7418034027614266,0.0
2023-12-02,La Liga,Real Madrid,Granada,3.0,2023-11-24,0.7056521201824784,0.0
2023-12-02,La Liga,Osasuna,Sociedad,6.0,2023-11-24,0.6399898046530985,1.0
2023-12-03,La Liga,Mallorca,Alaves,6.0,2023-11-24,0.7512779805738015,1.0
2023-12-03,La Liga,Almeria,Betis,3.0,2023-11-24,0.5863597347375498,0.0
2023-12-03,La Liga,Sevilla,Villarreal,5.0,2023-11-24,0.7743278829324293,1.0
2023-12-03,La Liga,Barcelona,Ath Madrid,9.0,2023-11-24,0.6443341803872307,1.0
2023-12-04,La Liga,Celta,Cadiz,7.0,2023-11-24,0.8266258030435357,1.0
2023-12-08,La Liga,Getafe,Valencia,6.0,2023-11-24,0.9142833250893627,1.0
2023-12-09,La Liga,Mallorca,Sevilla,4.0,2023-11-24,0.8199493092926754,1.0
2023-12-09,La Liga,Villarreal,Sociedad,3.0,2023-11-24,0.7128333823038289,0.0
2023-12-09,La Liga,Alaves,Las Palmas,7.0,2023-11-24,0.6753816593259218,1.0
2023-12-09,La Liga,Betis,Real Madrid,3.0,2023-11-24,0.5628312250971718,0.0
2023-12-10,La Liga,Ath Madrid,Almeria,1.0,2023-11-24,0.6139649790346857,0.0
2023-12-10,La Liga,Cadiz,Osasuna,3.0,2023-11-24,0.7408426930071351,0.0
2023-12-10,La Liga,Barcelona,Girona,3.0,2023-11-24,0.6533489445254792,0.0
2023-12-11,La Liga,Granada,Ath Bilbao,2.0,2023-11-24,0.7817758380197225,0.0
2023-12-11,La Liga,Vallecano,Celta,3.0,2023-11-24,0.7695037624392006,0.0
2023-12-15,La Liga,Osasuna,Vallecano,5.0,2023-11-24,0.6840275620518537,1.0
2023-12-16,La Liga,Sevilla,Getafe,6.0,2023-11-24,0.8866531276590274,1.0
2023-12-16,La Liga,Celta,Granada,8.0,2023-11-24,0.8142072492622976,1.0
2023-12-16,La Liga,Ath Bilbao,Ath Madrid,1.0,2023-11-24,0.686868381644599,0.0
2023-12-16,La Liga,Valencia,Barcelona,3.0,2023-11-24,0.7584176981217777,0.0
2023-12-17,La Liga,Real Madrid,Villarreal,5.0,2023-11-24,0.6237077416674447,1.0
2023-12-17,La Liga,Las Palmas,Cadiz,4.0,2023-11-24,0.7883209162022218,1.0
2023-12-17,La Liga,Almeria,Mallorca,3.0,2023-11-24,0.6954321751701483,0.0
2023-12-17,La Liga,Sociedad,Betis,7.0,2023-11-24,0.6644063910961115,1.0
2023-12-18,La Liga,Girona,Alaves,1.0,2023-11-24,0.6865423701841419,0.0
2023-12-19,La Liga,Granada,Sevilla,3.0,2023-11-24,0.8401259845327947,0.0
2023-12-19,La Liga,Vallecano,Valencia,6.0,2023-11-24,0.8321327811212799,1.0
2023-12-19,La Liga,Ath Madrid,Getafe,6.0,2023-11-24,0.8362368723594388,1.0
2023-12-20,La Liga,Ath Bilbao,Las Palmas,4.0,2023-11-24,0.6864930530164182,1.0
2023-12-20,La Liga,Villarreal,Celta,6.0,2023-11-24,0.7389332341249942,1.0
2023-12-20,La Liga,Barcelona,Almeria,6.0,2023-11-24,0.5827946740005868,1.0
2023-12-21,La Liga,Cadiz,Sociedad,4.0,2023-11-24,0.7970298594523805,1.0
2023-12-21,La Liga,Alaves,Real Madrid,4.0,2023-11-24,0.5924531429105471,1.0
2023-12-21,La Liga,Betis,Girona,4.0,2023-11-24,0.6619869134547778,1.0
2023-12-21,La Liga,Mallorca,Osasuna,4.0,2023-11-24,0.7051423140170343,1.0
2023-12-23,La Liga,Ath Madrid,Sevilla,10.0,2023-11-24,0.7546947283722975,1.0
2024-01-02,La Liga,Sociedad,Alaves,8.0,2024-01-02,0.6903225976520887,1.0
2024-01-02,La Liga,Valencia,Villarreal,7.0,2024-01-02,0.7999358074780367,1.0
2024-01-02,La Liga,Getafe,Vallecano,9.0,2024-01-02,0.8737719798860757,1.0
2024-01-03,La Liga,Real Madrid,Mallorca,5.0,2024-01-02,0.6761515996881311,1.0
2024-01-03,La Liga,Girona,Ath Madrid,1.0,2024-01-02,0.6551821128501152,0.0
2024-01-03,La Liga,Granada,Cadiz,7.0,2024-01-02,0.8471638635339948,1.0
2024-01-03,La Liga,Celta,Betis,2.0,2024-01-02,0.704491927740364,0.0
2024-01-04,La Liga,Sevilla,Ath Bilbao,4.0,2024-01-02,0.7327896138069685,1.0
2024-01-04,La Liga,Las Palmas,Barcelona,7.0,2024-01-02,0.6493051822952702,1.0
2024-01-04,La Liga,Osasuna,Almeria,3.0,2024-01-02,0.5390634979916465,0.0
2024-01-12,La Liga,Sevilla,Alaves,7.0,2024-01-02,0.7474970994437525,1.0
2024-01-13,La Liga,Las Palmas,Villarreal,7.0,2024-01-02,0.6819486891627027,1.0
2024-01-13,La Liga,Mallorca,Celta,5.0,2024-01-02,0.7842061853781457,1.0
2024-01-13,La Liga,Ath Bilbao,Sociedad,5.0,2024-01-02,0.6698739007048571,1.0
2024-01-13,La Liga,Betis,Granada,7.0,2024-01-02,0.7307829964453018,1.0
2024-01-14,La Liga,Almeria,Girona,8.0,2024-01-02,0.5790546246246002,1.0
2024-01-14,La Liga,Cadiz,Valencia,6.0,2024-01-02,0.8693689574951091,1.0
2024-01-19,La Liga,Alaves,Cadiz,4.0,2024-01-02,0.7789331356518253,1.0
2024-01-20,La Liga,Vallecano,Las Palmas,4.0,2024-01-02,0.7213455888635353,1.0
2024-01-20,La Liga,Villarreal,Mallorca,4.0,2024-01-02,0.7541675950551666,1.0
2024-01-20,La Liga,Valencia,Ath Bilbao,3.0,2024-01-02,0.7687637014098477,0.0
2024-01-20,La Liga,Celta,Sociedad,3.0,2024-01-02,0.7390186483727744,0.0
2024-01-21,La Liga,Girona,Sevilla,2.0,2024-01-02,0.7349863474494914,0.0
2024-01-21,La Liga,Betis,Barcelona,3.0,2024-01-02,0.6354232140777054,0.0
2024-01-21,La Liga,Real Madrid,Almeria,8.0,2024-01-02,0.5310046299439627,1.0
2024-01-21,La Liga,Osasuna,Getafe,8.0,2024-01-02,0.7881204212022265,1.0
2024-01-22,La Liga,Granada,Ath Madrid,4.0,2024-01-02,0.7530877545109862,1.0
2024-01-26,La Liga,Almeria,Alaves,3.0,2024-01-02,0.5969578371127405,0.0
2024-01-27,La Liga,Sociedad,Vallecano,6.0,2024-01-02,0.7479052683702324,1.0
2024-01-27,La Liga,Las Palmas,Real Madrid,6.0,2024-01-02,0.5786117040121047,1.0
2024-01-27,La Liga,Barcelona,Villarreal,7.0,2024-01-02,0.6775770247532786,1.0
2024-01-27,La Liga,Mallorca,Betis,3.0,2024-01-02,0.7102045346094367,0.0
2024-01-28,La Liga,Celta,Girona,2.0,2024-01-02,0.7089327566111236,0.0
2024-01-28,La Liga,Cadiz,Ath Bilbao,6.0,2024-01-02,0.7627295204996271,1.0
2024-01-28,La Liga,Sevilla,Osasuna,3.0,2024-01-02,0.6936028549963105,0.0
2024-01-28,La Liga,Ath Madrid,Valencia,2.0,2024-01-02,0.7817556909811496,0.0
2024-01-29,La Liga,Getafe,Granada,3.0,2024-01-02,0.8873912599127464,0.0
2024-01-31,La Liga,Ath Madrid,Vallecano,3.0,2024-01-02,0.7298039995747234,0.0
2024-01-31,La Liga,Barcelona,Osasuna,3.0,2024-01-02,0.6014782834090724,0.0
2024-02-01,La Liga,Getafe,Real Madrid,3.0,2024-02-01,0.7972185062358255,0.0
2024-02-02,La Liga,Ath Bilbao,Mallorca,1.0,2024-02-01,0.7113013086918805,0.0
2024-02-03,La Liga,Valencia,Almeria,9.0,2024-02-01,0.7442469622369507,1.0
2024-02-03,La Liga,Granada,Las Palmas,7.0,2024-02-01,0.7767300818253072,1.0
2024-02-03,La Liga,Alaves,Barcelona,4.0,2024-02-01,0.6731312766343232,1.0
2024-02-03,La Liga,Girona,Sociedad,5.0,2024-02-01,0.654837578081152,1.0
2024-02-04,La Liga,Villarreal,Cadiz,4.0,2024-02-01,0.8091031403382352,1.0
2024-02-04,La Liga,Osasuna,Celta,2.0,2024-02-01,0.6427683089217664,0.0
2024-02-04,La Liga,Betis,Getafe,11.0,2024-02-01,0.8191989825161929,1.0
2024-02-04,La Liga,Real Madrid,Ath Madrid,5.0,2024-02-01,0.5952634140221762,1.0
2024-02-05,La Liga,Vallecano,Sevilla,4.0,2024-02-01,0.7986256996238383,1.0
2024-02-09,La Liga,Cadiz,Betis,2.0,2024-02-01,0.7498905245771532,0.0
2024-02-10,La Liga,Las Palmas,Valencia,2.0,2024-02-01,0.7997609984074281,0.0
2024-02-10,La Liga,Real Madrid,Girona,3.0,2024-02-01,0.5726361973436319,0.0
2024-02-10,La Liga,Sociedad,Osasuna,0.0,2024-02-01,0.6380174114653877,0.0
2024-02-10,La Liga,Alaves,Villarreal,2.0,2024-02-01,0.7115912260988825,0.0
2024-02-11,La Liga,Getafe,Celta,3.0,2024-02-01,0.8655671900697169,0.0
2024-02-11,La Liga,Mallorca,Vallecano,4.0,2024-02-01,0.7793374936139128,1.0
2024-02-11,La Liga,Sevilla,Ath Madrid,3.0,2024-02-01,0.7146818238905854,0.0
2024-02-11,La Liga,Barcelona,Granada,3.0,2024-02-01,0.7411568125462872,0.0
2024-02-12,La Liga,Almeria,Ath Bilbao,5.0,2024-02-01,0.604062684366869,1.0
2024-02-16,La Liga,Villarreal,Getafe,1.0,2024-02-01,0.8633177201652921,0.0
2024-02-17,La Liga,Ath Madrid,Las Palmas,4.0,2024-02-01,0.6787495892249249,1.0
2024-02-17,La Liga,Osasuna,Cadiz,6.0,2024-02-01,0.7254246215907522,1.0
2024-02-17,La Liga,Celta,Barcelona,6.0,2024-02-01,0.6996023972662563,1.0
2024-02-17,La Liga,Valencia,Sevilla,1.0,2024-02-01,0.8421777354995313,0.0
2024-02-18,La Liga,Betis,Alaves,7.0,2024-02-01,0.6480036069093407,1.0
2024-02-18,La Liga,Mallorca,Sociedad,12.0,2024-02-01,0.7486143987750957,1.0
2024-02-18,La Liga,Granada,Almeria,5.0,2024-02-01,0.7076981350012921,1.0
2024-02-18,La Liga,Vallecano,Real Madrid,7.0,2024-02-01,0.6743648139388791,1.0
2024-02-19,La Liga,Ath Bilbao,Girona,3.0,2024-02-01,0.6071934567358245,0.0
2024-02-23,La Liga,Sociedad,Villarreal,7.0,2024-02-01,0.7286730843155175,1.0
2024-02-24,La Liga,Barcelona,Getafe,5.0,2024-02-01,0.8406970442255939,1.0
2024-02-24,La Liga,Alaves,Mallorca,2.0,2024-02-01,0.7379556595870029,0.0
2024-02-24,La Liga,Almeria,Ath Madrid,2.0,2024-02-01,0.5994341221607392,0.0
2024-02-25,La Liga,Cadiz,Celta,5.0,2024-02-01,0.8104286661170332,1.0
2024-02-25,La Liga,Betis,Ath Bilbao,7.0,2024-02-01,0.6150613552832424,1.0
2024-02-25,La Liga,Las Palmas,Osasuna,3.0,2024-02-01,0.6461321956146902,0.0
2024-02-25,La Liga,Real Madrid,Sevilla,4.0,2024-02-01,0.7000322209200178,1.0
2024-02-26,La Liga,Girona,Vallecano,8.0,2024-02-01,0.6950110126997976,1.0
2024-03-01,La Liga,Celta,Almeria,3.0,2024-02-01,0.673600489140281,0.0
2024-03-02,La Liga,Valencia,Real Madrid,5.0,2024-03-02,0.7024568536893319,1.0
2024-03-02,La Liga,Getafe,Las Palmas,5.0,2024-03-02,0.8350285409681425,1.0
2024-03-02,La Liga,Vallecano,Cadiz,2.0,2024-03-02,0.8355269471496692,0.0
2024-03-02,La Liga,Sevilla,Sociedad,3.0,2024-03-02,0.7611763610563012,0.0
2024-03-03,La Liga,Villarreal,Granada,3.0,2024-03-02,0.7624208909563811,0.0
2024-03-03,La Liga,Ath Madrid,Betis,3.0,2024-03-02,0.6266575453878718,0.0
2024-03-03,La Liga,Mallorca,Girona,5.0,2024-03-02,0.692410541360904,1.0
2024-03-03,La Liga,Ath Bilbao,Barcelona,6.0,2024-03-02,0.6369299708317684,1.0
2024-03-04,La Liga,Osasuna,Alaves,3.0,2024-03-02,0.5857394514742293,0.0
2024-03-08,La Liga,Barcelona,Mallorca,2.0,2024-03-02,0.725749626344333,0.0
2024-03-09,La Liga,Valencia,Getafe,5.0,2024-03-02,0.907185896792847,1.0
2024-03-09,La Liga,Cadiz,Ath Madrid,9.0,2024-03-02,0.7413821717147298,1.0
2024-03-09,La Liga,Granada,Sociedad,3.0,2024-03-02,0.7839951811741913,0.0
2024-03-09,La Liga,Girona,Osasuna,6.0,2024-03-02,0.5603958765334118,1.0
2024-03-10,La Liga,Betis,Villarreal,7.0,2024-03-02,0.67985921646485,1.0
2024-03-10,La Liga,Real Madrid,Celta,5.0,2024-03-02,0.6244780612029942,1.0
2024-03-10,La Liga,Alaves,Vallecano,4.0,2024-03-02,0.7410685544402346,1.0
2024-03-10,La Liga,Las Palmas,Ath Bilbao,6.0,2024-03-02,0.6588678169842139,1.0
2024-03-11,La Liga,Almeria,Sevilla,4.0,2024-03-02,0.6859414911903985,1.0
2024-03-15,La Liga,Sociedad,Cadiz,4.0,2024-03-02,0.8135248357627745,1.0
2024-03-16,La Liga,Mallorca,Granada,2.0,2024-03-02,0.7928542834003142,0.0
2024-03-16,La Liga,Osasuna,Real Madrid,5.0,2024-03-02,0.529657039288447,1.0
2024-03-16,La Liga,Getafe,Girona,8.0,2024-03-02,0.8025838838207544,1.0
2024-03-16,La Liga,Ath Bilbao,Alaves,4.0,2024-03-02,0.6427684096392641,1.0
2024-03-17,La Liga,Ath Madrid,Barcelona,4.0,2024-03-02,0.6267649145486326,1.0
2024-03-17,La Liga,Sevilla,Celta,4.0,2024-03-02,0.7441876842438093,1.0
2024-03-17,La Liga,Las Palmas,Almeria,4.0,2024-03-02,0.6496714529042575,1.0
2024-03-17,La Liga,Villarreal,Valencia,6.0,2024-03-02,0.7786448862125217,1.0
2024-03-17,La Liga,Vallecano,Betis,8.0,2024-03-02,0.7342534871574448,1.0
2024-03-29,La Liga,Cadiz,Granada,6.0,2024-03-02,0.8374067294825251,1.0
2024-03-30,La Liga,Getafe,Sevilla,9.0,2024-03-02,0.8609223019150479,1.0
2024-03-30,La Liga,Almeria,Osasuna,5.0,2024-03-02,0.5508270119893223,1.0
2024-03-30,La Liga,Valencia,Mallorca,2.0,2024-03-02,0.8289349640421241,0.0
2024-03-30,La Liga,Barcelona,Las Palmas,6.0,2024-03-02,0.6763567868342943,1.0
2024-03-31,La Liga,Celta,Vallecano,6.0,2024-03-02,0.7661107080433431,1.0
2024-03-31,La Liga,Girona,Betis,7.0,2024-03-02,0.6304045778897889,1.0
2024-03-31,La Liga,Alaves,Sociedad,4.0,2024-03-02,0.7074347802973222,1.0
2024-03-31,La Liga,Real Madrid,Ath Bilbao,3.0,2024-03-02,0.5900931667336318,0.0
2024-04-01,La Liga,Villarreal,Ath Madrid,6.0,2024-04-01,0.6640358491270089,1.0
2024-04-04,La Liga,Granada,Valencia,4.0,2024-04-01,0.7994795427154898,1.0
2024-04-12,La Liga,Betis,Celta,1.0,2024-04-01,0.6997431416989225,0.0
2024-04-13,La Liga,Mallorca,Real Madrid,3.0,2024-04-01,0.6526468298713122,0.0
2024-04-13,La Liga,Cadiz,Barcelona,6.0,2024-04-01,0.7635017792229324,1.0
2024-04-13,La Liga,Ath Madrid,Girona,5.0,2024-04-01,0.6390276150860928,1.0
2024-04-13,La Liga,Vallecano,Getafe,10.0,2024-04-01,0.8842144321510762,1.0
2024-04-14,La Liga,Sociedad,Almeria,4.0,2024-04-01,0.6647522430791355,1.0
2024-04-14,La Liga,Ath Bilbao,Villarreal,6.0,2024-04-01,0.6742166813091607,1.0
2024-04-14,La Liga,Granada,Alaves,5.0,2024-04-01,0.7080274202272444,1.0
2024-04-14,La Liga,Las Palmas,Sevilla,6.0,2024-04-01,0.7483536024753937,1.0
2024-04-15,La Liga,Osasuna,Valencia,2.0,2024-04-01,0.690424859880069,0.0
2024-04-19,La Liga,Ath Bilbao,Granada,6.0,2024-04-01,0.7052134726413898,1.0
2024-04-20,La Liga,Celta,Las Palmas,1.0,2024-04-01,0.7135337317926816,0.0
2024-04-20,La Liga,Vallecano,Osasuna,5.0,2024-04-01,0.6745395684361793,1.0
2024-04-20,La Liga,Valencia,Betis,5.0,2024-04-01,0.7675299805136349,1.0
2024-04-20,La Liga,Girona,Cadiz,3.0,2024-04-01,0.7716410701315367,0.0
2024-04-21,La Liga,Getafe,Sociedad,2.0,2024-04-01,0.8508534704660127,0.0
2024-04-21,La Liga,Almeria,Villarreal,7.0,2024-04-01,0.6526708729243708,1.0
2024-04-21,La Liga,Alaves,Ath Madrid,8.0,2024-04-01,0.6325035640298289,1.0
2024-04-21,La Liga,Real Madrid,Barcelona,5.0,2024-04-01,0.6072340196700537,1.0
2024-04-22,La Liga,Sevilla,Mallorca,2.0,2024-04-01,0.7399625488293873,0.0
2024-04-26,La Liga,Sociedad,Real Madrid,7.0,2024-04-01,0.6362290649239838,1.0
2024-04-27,La Liga,Ath Madrid,Ath Bilbao,5.0,2024-04-01,0.6235130621938438,1.0
2024-04-27,La Liga,Alaves,Celta,6.0,2024-04-01,0.6746364084246322,1.0
2024-04-27,La Liga,Las Palmas,Girona,4.0,2024-04-01,0.6874722599626605,1.0
2024-04-27,La Liga,Almeria,Getafe,9.0,2024-04-01,0.8012106816375905,1.0
2024-04-28,La Liga,Cadiz,Mallorca,5.0,2024-04-01,0.7939171915174739,1.0
2024-04-28,La Liga,Granada,Osasuna,4.0,2024-04-01,0.6557048052579049,1.0
2024-04-28,La Liga,Villarreal,Vallecano,3.0,2024-04-01,0.7579582496295519,0.0
2024-04-28,La Liga,Betis,Sevilla,8.0,2024-04-01,0.7341356753481859,1.0
2024-04-29,La Liga,Barcelona,Valencia,1.0,2024-04-01,0.7436822146338483,0.0
2024-05-03,La Liga,Getafe,Ath Bilbao,2.0,2024-05-03,0.8308314180169603,0.0
2024-05-04,La Liga,Sociedad,Las Palmas,3.0,2024-05-03,0.6890503297627865,0.0
2024-05-04,La Liga,Real Madrid,Cadiz,1.0,2024-05-03,0.7328267596523854,0.0
2024-05-04,La Liga,Girona,Barcelona,3.0,2024-05-03,0.6423806284617541,0.0
2024-05-04,La Liga,Mallorca,Ath Madrid,2.0,2024-05-03,0.6668522704861674,0.0
2024-05-05,La Liga,Vallecano,Almeria,5.0,2024-05-03,0.7331063826073437,1.0
2024-05-05,La Liga,Sevilla,Granada,4.0,2024-05-03,0.768395527393016,1.0
2024-05-05,La Liga,Osasuna,Betis,4.0,2024-05-03,0.6005266195898211,1.0
2024-05-05,La Liga,Celta,Villarreal,4.0,2024-05-03,0.7120671102364406,1.0
2024-05-05,La Liga,Valencia,Alaves,4.0,2024-05-03,0.7430921656300833,1.0
2024-05-10,La Liga,Alaves,Girona,5.0,2024-05-03,0.6621841468988465,1.0
2024-05-11,La Liga,Mallorca,Las Palmas,8.0,2024-05-03,0.6878857157192041,1.0
2024-05-11,La Liga,Villarreal,Sevilla,8.0,2024-05-03,0.7496479149670713,1.0
2024-05-11,La Liga,Granada,Real Madrid,2.0,2024-05-03,0.6734161135193021,0.0
2024-05-11,La Liga,Ath Bilbao,Osasuna,6.0,2024-05-03,0.5826278393585015,1.0
2024-05-12,La Liga,Cadiz,Getafe,7.0,2024-05-03,0.9027241183513637,1.0
2024-05-12,La Liga,Ath Madrid,Celta,2.0,2024-05-03,0.6692629525770076,0.0
2024-05-12,La Liga,Valencia,Vallecano,3.0,2024-05-03,0.808397410728605,0.0
2024-05-12,La Liga,Betis,Almeria,2.0,2024-05-03,0.6674612330997824,0.0
2024-05-13,La Liga,Barcelona,Sociedad,5.0,2024-05-03,0.6753343908442633,1.0
2024-05-14,La Liga,Girona,Villarreal,6.0,2024-05-03,0.6895183660573212,1.0
2024-05-14,La Liga,Real Madrid,Alaves,2.0,2024-05-03,0.628933888235955,0.0
2024-05-14,La Liga,Osasuna,Mallorca,1.0,2024-05-03,0.6118205524021358,0.0
2024-05-15,La Liga,Sevilla,Cadiz,8.0,2024-05-03,0.810995781903184,1.0
2024-05-15,La Liga,Vallecano,Granada,7.0,2024-05-03,0.7902861623070069,1.0
2024-05-15,La Liga,Celta,Ath Bilbao,2.0,2024-05-03,0.6679254411338899,0.0
2024-05-15,La Liga,Getafe,Ath Madrid,7.0,2024-05-03,0.8272089131361072,1.0
2024-05-16,La Liga,Las Palmas,Betis,3.0,2024-05-03,0.6801297902204633,0.0
2024-05-16,La Liga,Almeria,Barcelona,1.0,2024-05-03,0.6410749998334617,0.0
2024-05-16,La Liga,Sociedad,Valencia,2.0,2024-05-03,0.751055642213479,0.0
2024-05-18,La Liga,Alaves,Getafe,12.0,2024-05-03,0.846302319704219,1.0
2024-05-19,La Liga,Mallorca,Almeria,5.0,2024-05-03,0.6602411141404528,1.0
2024-05-19,La Liga,Villarreal,Real Madrid,5.0,2024-05-03,0.6514213124533765,1.0
2024-05-19,La Liga,Valencia,Girona,2.0,2024-05-03,0.7235523354812761,0.0
2024-05-19,La Liga,Granada,Celta,3.0,2024-05-03,0.7262335059675615,0.0
2024-05-19,La Liga,Cadiz,Las Palmas,4.0,2024-05-03,0.7685418900305737,1.0
2024-05-19,La Liga,Betis,Sociedad,7.0,2024-05-03,0.6977901419190647,1.0
2024-05-19,La Liga,Barcelona,Vallecano,6.0,2024-05-03,0.7323270660061324,1.0
2024-05-19,La Liga,Ath Madrid,Osasuna,4.0,2024-05-03,0.5818691827133132,1.0
2024-05-19,La Liga,Ath Bilbao,Sevilla,2.0,2024-05-03,0.7187810233213658,0.0
2024-05-24,La Liga,Girona,Granada,8.0,2024-05-03,0.7109098209305916,1.0
2024-05-25,La Liga,Osasuna,Villarreal,7.0,2024-05-03,0.6230080966184894,1.0
2024-05-25,La Liga,Sociedad,Ath Madrid,8.0,2024-05-03,0.6839729359681466,1.0
2024-05-25,La Liga,Almeria,Cadiz,4.0,2024-05-03,0.7531069675349926,1.0
2024-05-25,La Liga,Vallecano,Ath Bilbao,2.0,2024-05-03,0.735424432177053,0.0
2024-05-25,La Liga,Real Madrid,Betis,3.0,2024-05-03,0.6325767094321731,0.0
2024-05-26,La Liga,Las Palmas,Alaves,3.0,2024-05-03,0.6768500874246893,0.0
2024-05-26,La Liga,Sevilla,Barcelona,3.0,2024-05-03,0.7091907219457009,0.0
2024-05-26,La Liga,Getafe,Mallorca,2.0,2024-05-03,0.8383330345886145,0.0
2024-05-26,La Liga,Celta,Valencia,0.0,2024-05-03,0.7325247516274987,0.0
2024-08-15,La Liga,Ath Bilbao,Getafe,5.0,2024-08-15,0.8212934961766467,1.0
2024-08-15,La Liga,Betis,Girona,2.0,2024-08-15,0.6651893623997698,0.0
2024-08-16,La Liga,Celta,Alaves,5.0,2024-08-15,0.6632975481396115,1.0
2024-08-16,La Liga,Las Palmas,Sevilla,0.0,2024-08-15,0.7265558453757622,0.0
2024-08-17,La Liga,Osasuna,Leganes,5.0,2024-08-15,0.7431602149347954,1.0
2024-08-17,La Liga,Valencia,Barcelona,5.0,2024-08-15,0.6848196585813231,1.0
2024-08-18,La Liga,Sociedad,Vallecano,6.0,2024-08-15,0.7677161666706716,1.0
2024-08-18,La Liga,Mallorca,Real Madrid,1.0,2024-08-15,0.6121022299577261,0.0
2024-08-19,La Liga,Valladolid,Espanol,4.0,2024-08-15,0.7350146078364936,1.0
2024-08-19,La Liga,Villarreal,Ath Madrid,4.0,2024-08-15,0.7133742619258692,1.0
2024-08-23,La Liga,Sevilla,Villarreal,8.0,2024-08-15,0.7692864253763838,1.0
2024-08-23,La Liga,Celta,Valencia,3.0,2024-08-15,0.6755453032716442,0.0
2024-08-24,La Liga,Getafe,Vallecano,3.0,2024-08-15,0.8889180978503946,0.0
2024-08-24,La Liga,Espanol,Sociedad,4.0,2024-08-15,0.7994933691169092,1.0
2024-08-24,La Liga,Osasuna,Mallorca,3.0,2024-08-15,0.6055405663297669,0.0
2024-08-24,La Liga,Barcelona,Ath Bilbao,9.0,2024-08-15,0.6118476658266706,1.0
2024-08-25,La Liga,Real Madrid,Valladolid,2.0,2024-08-15,0.5675882499229022,0.0
2024-08-25,La Liga,Leganes,Las Palmas,2.0,2024-08-15,0.7955182611859304,0.0
2024-08-25,La Liga,Alaves,Betis,5.0,2024-08-15,0.6883649013700474,1.0
2024-08-25,La Liga,Ath Madrid,Girona,4.0,2024-08-15,0.6590207151040894,1.0
2024-08-26,La Liga,Villarreal,Celta,7.0,2024-08-15,0.6973232535090088,1.0
2024-08-27,La Liga,Mallorca,Sevilla,1.0,2024-08-15,0.7134406380040494,0.0
2024-08-27,La Liga,Vallecano,Barcelona,4.0,2024-08-15,0.718996655324794,1.0
2024-08-28,La Liga,Ath Bilbao,Valencia,4.0,2024-08-15,0.6699247911288438,1.0
2024-08-28,La Liga,Valladolid,Leganes,6.0,2024-08-15,0.7550499896916683,1.0
2024-08-28,La Liga,Ath Madrid,Espanol,2.0,2024-08-15,0.7707699363014974,0.0
2024-08-28,La Liga,Sociedad,Alaves,8.0,2024-08-15,0.711968135491105,1.0
2024-08-29,La Liga,Las Palmas,Real Madrid,2.0,2024-08-15,0.5802515417709322,0.0
2024-08-29,La Liga,Girona,Osasuna,0.0,2024-08-15,0.5970359573854609,0.0
2024-08-31,La Liga,Barcelona,Valladolid,3.0,2024-08-15,0.6037203479602123,0.0
2024-08-31,La Liga,Ath Bilbao,Ath Madrid,4.0,2024-08-15,0.6336669773878773,1.0
2024-08-31,La Liga,Espanol,Vallecano,5.0,2024-08-15,0.836875873146761,1.0
2024-08-31,La Liga,Leganes,Mallorca,4.0,2024-08-15,0.7929433318149315,1.0
2024-08-31,La Liga,Valencia,Villarreal,8.0,2024-08-15,0.7590445072732354,1.0
2024-09-01,La Liga,Alaves,Las Palmas,3.0,2024-08-15,0.6729090752215876,0.0
2024-09-01,La Liga,Osasuna,Celta,2.0,2024-08-15,0.5759009507705042,0.0
2024-09-01,La Liga,Sevilla,Girona,5.0,2024-08-15,0.7238031703194753,1.0
2024-09-01,La Liga,Getafe,Sociedad,2.0,2024-08-15,0.861080441298574,0.0
2024-09-01,La Liga,Real Madrid,Betis,2.0,2024-08-15,0.6024106377512494,0.0
2024-09-13,La Liga,Betis,Leganes,3.0,2024-08-15,0.8084870280684135,0.0
2024-09-14,La Liga,Espanol,Alaves,5.0,2024-09-14,0.7767254183445246,1.0
2024-09-14,La Liga,Sevilla,Getafe,7.0,2024-09-14,0.859919316747144,1.0
2024-09-14,La Liga,Mallorca,Villarreal,6.0,2024-09-14,0.7146372341282555,1.0
2024-09-14,La Liga,Sociedad,Real Madrid,5.0,2024-09-14,0.599400277155938,1.0
2024-09-15,La Liga,Ath Madrid,Valencia,3.0,2024-09-14,0.697491033737573,0.0
2024-09-15,La Liga,Las Palmas,Ath Bilbao,3.0,2024-09-14,0.5803151709843323,0.0
2024-09-15,La Liga,Celta,Valladolid,8.0,2024-09-14,0.5981494144788769,1.0
2024-09-15,La Liga,Girona,Barcelona,5.0,2024-09-14,0.6319218436644887,1.0
2024-09-16,La Liga,Vallecano,Osasuna,5.0,2024-09-14,0.6499890637373725,1.0
2024-09-17,La Liga,Mallorca,Sociedad,2.0,2024-09-14,0.6764965606687372,0.0
2024-09-18,La Liga,Betis,Getafe,8.0,2024-09-14,0.8268135815219144,1.0
2024-09-19,La Liga,Leganes,Ath Bilbao,3.0,2024-09-14,0.6907424153502459,0.0
2024-09-20,La Liga,Alaves,Sevilla,5.0,2024-09-14,0.7492272766109364,1.0
2024-09-21,La Liga,Valladolid,Sociedad,8.0,2024-09-14,0.6383259846839345,1.0
2024-09-21,La Liga,Osasuna,Las Palmas,7.0,2024-09-14,0.5084039119298279,1.0
2024-09-21,La Liga,Valencia,Girona,5.0,2024-09-14,0.6788582860895629,1.0
2024-09-21,La Liga,Real Madrid,Espanol,7.0,2024-09-14,0.6624147000556487,1.0
2024-09-22,La Liga,Vallecano,Ath Madrid,0.0,2024-09-14,0.7189773649896503,0.0
2024-09-22,La Liga,Villarreal,Barcelona,7.0,2024-09-14,0.7320868675075218,1.0
2024-09-22,La Liga,Getafe,Leganes,5.0,2024-09-14,0.8543100123987737,1.0
2024-09-22,La Liga,Ath Bilbao,Celta,5.0,2024-09-14,0.6280226988580088,1.0
2024-09-23,La Liga,Betis,Mallorca,5.0,2024-09-14,0.6467678626728364,1.0
2024-09-24,La Liga,Sevilla,Valladolid,9.0,2024-09-14,0.6520331251071005,1.0
2024-09-24,La Liga,Valencia,Osasuna,5.0,2024-09-14,0.6340822228137483,1.0
2024-09-24,La Liga,Real Madrid,Alaves,4.0,2024-09-14,0.6049418558378514,1.0
2024-09-25,La Liga,Girona,Vallecano,7.0,2024-09-14,0.7124854223539494,1.0
2024-09-25,La Liga,Barcelona,Getafe,2.0,2024-09-14,0.8271389922531608,0.0
2024-09-26,La Liga,Espanol,Villarreal,8.0,2024-09-14,0.8142587671091465,1.0
2024-09-26,La Liga,Las Palmas,Betis,6.0,2024-09-14,0.5884988677161072,1.0
2024-09-26,La Liga,Celta,Ath Madrid,4.0,2024-09-14,0.6376019213616598,1.0
2024-09-27,La Liga,Valladolid,Mallorca,5.0,2024-09-14,0.5772617247918514,1.0
2024-09-28,La Liga,Sociedad,Valencia,0.0,2024-09-14,0.7349641728625831,0.0
2024-09-28,La Liga,Osasuna,Barcelona,4.0,2024-09-14,0.571670778273699,1.0
2024-09-28,La Liga,Getafe,Alaves,9.0,2024-09-14,0.8523135486469251,1.0
2024-09-28,La Liga,Vallecano,Leganes,3.0,2024-09-14,0.7707567799991125,0.0
2024-09-29,La Liga,Celta,Girona,1.0,2024-09-14,0.6153259052646483,0.0
2024-09-29,La Liga,Ath Bilbao,Sevilla,3.0,2024-09-14,0.7021977513117059,0.0
2024-09-29,La Liga,Betis,Espanol,6.0,2024-09-14,0.7423151738546507,1.0
2024-09-29,La Liga,Ath Madrid,Real Madrid,4.0,2024-09-14,0.5571942976554861,1.0
2024-09-30,La Liga,Villarreal,Las Palmas,3.0,2024-09-14,0.6732184948572496,0.0
2024-10-04,La Liga,Leganes,Valencia,4.0,2024-09-14,0.7570278924558003,1.0
2024-10-05,La Liga,Espanol,Mallorca,6.0,2024-09-14,0.7339871238997305,1.0
2024-10-05,La Liga,Getafe,Osasuna,6.0,2024-09-14,0.75682427881087,1.0
2024-10-05,La Liga,Las Palmas,Celta,11.0,2024-09-14,0.568833883627603,1.0
2024-10-05,La Liga,Valladolid,Vallecano,6.0,2024-09-14,0.6740211043434842,1.0
2024-10-05,La Liga,Real Madrid,Villarreal,1.0,2024-09-14,0.6558141408731024,0.0
2024-10-06,La Liga,Sociedad,Ath Madrid,2.0,2024-09-14,0.6845365190327755,0.0
2024-10-06,La Liga,Sevilla,Betis,9.0,2024-09-14,0.7068539371963146,1.0
2024-10-06,La Liga,Alaves,Barcelona,4.0,2024-09-14,0.6896500228467947,1.0
2024-10-06,La Liga,Girona,Ath Bilbao,7.0,2024-09-14,0.625209749898404,1.0
2024-10-18,La Liga,Alaves,Valladolid,8.0,2024-10-18,0.733812042818252,1.0
2024-10-19,La Liga,Ath Bilbao,Espanol,5.0,2024-10-18,0.7540340607721309,1.0
2024-10-19,La Liga,Osasuna,Betis,3.0,2024-10-18,0.6147832013382485,0.0
2024-10-19,La Liga,Girona,Sociedad,3.0,2024-10-18,0.6592898581735985,0.0
2024-10-19,La Liga,Celta,Real Madrid,3.0,2024-10-18,0.560626710655926,0.0
2024-10-20,La Liga,Mallorca,Vallecano,2.0,2024-10-18,0.6970969781021354,0.0
2024-10-20,La Liga,Ath Madrid,Leganes,6.0,2024-10-18,0.5655322987261443,1.0
2024-10-20,La Liga,Villarreal,Getafe,7.0,2024-10-18,0.8820459054370213,1.0
2024-10-20,La Liga,Barcelona,Sevilla,3.0,2024-10-18,0.7210537126085491,0.0
2024-10-21,La Liga,Valencia,Las Palmas,13.0,2024-10-18,0.6679578296458997,1.0
2024-10-25,La Liga,Espanol,Sevilla,2.0,2024-10-18,0.8281310451838719,0.0
2024-10-26,La Liga,Real Madrid,Barcelona,7.0,2024-10-18,0.5461629897571424,1.0
2024-10-26,La Liga,Las Palmas,Girona,9.0,2024-10-18,0.6239227956649565,1.0
2024-10-26,La Liga,Vallecano,Alaves,6.0,2024-10-18,0.7533083212830948,1.0
2024-10-26,La Liga,Valladolid,Villarreal,7.0,2024-10-18,0.7619677051315656,1.0
2024-10-27,La Liga,Leganes,Celta,4.0,2024-10-18,0.6141613898132628,1.0
2024-10-27,La Liga,Getafe,Valencia,10.0,2024-10-18,0.8543550828403097,1.0
2024-10-27,La Liga,Betis,Ath Madrid,5.0,2024-10-18,0.64232715746724,1.0
2024-10-27,La Liga,Sociedad,Osasuna,7.0,2024-10-18,0.6093673214745697,1.0
2024-10-28,La Liga,Mallorca,Ath Bilbao,6.0,2024-10-18,0.6253756571105183,1.0
2024-11-01,La Liga,Alaves,Mallorca,5.0,2024-10-18,0.6899824002216313,1.0
2024-11-02,La Liga,Osasuna,Valladolid,6.0,2024-10-18,0.6284786560470214,1.0
2024-11-02,La Liga,Girona,Leganes,6.0,2024-10-18,0.6046081206929638,1.0
2024-11-03,La Liga,Sevilla,Sociedad,3.0,2024-10-18,0.7389980719471052,0.0
2024-11-03,La Liga,Ath Bilbao,Betis,0.0,2024-10-18,0.66204853813631,0.0
2024-11-03,La Liga,Ath Madrid,Las Palmas,2.0,2024-10-18,0.6021814799278372,0.0
2024-11-03,La Liga,Barcelona,Espanol,3.0,2024-10-18,0.758145754465556,0.0
2024-11-04,La Liga,Celta,Getafe,5.0,2024-10-18,0.8376645236517567,1.0
2024-11-08,La Liga,Vallecano,Las Palmas,4.0,2024-10-18,0.7040010875607072,1.0
2024-11-09,La Liga,Real Madrid,Osasuna,2.0,2024-10-18,0.49987563903593263,0.0
2024-11-09,La Liga,Villarreal,Alaves,4.0,2024-10-18,0.7684977918074458,1.0
2024-11-09,La Liga,Leganes,Sevilla,3.0,2024-10-18,0.6699878923503666,0.0
2024-11-10,La Liga,Betis,Celta,3.0,2024-10-18,0.6815338390105612,0.0
2024-11-10,La Liga,Mallorca,Ath Madrid,4.0,2024-10-18,0.5942816021707517,1.0
2024-11-10,La Liga,Getafe,Girona,6.0,2024-10-18,0.8201540807328709,1.0
2024-11-10,La Liga,Valladolid,Ath Bilbao,8.0,2024-10-18,0.6749856780312624,1.0
2024-11-10,La Liga,Sociedad,Barcelona,4.0,2024-10-18,0.659004285860993,1.0
2024-11-22,La Liga,Getafe,Valladolid,5.0,2024-11-22,0.8897204566332297,1.0
2024-11-23,La Liga,Celta,Barcelona,10.0,2024-11-22,0.6261609682101243,1.0
2024-11-23,La Liga,Las Palmas,Mallorca,6.0,2024-11-22,0.6807013644893564,1.0
2024-11-23,La Liga,Girona,Espanol,3.0,2024-11-22,0.7517081929422417,0.0
2024-11-23,La Liga,Ath Madrid,Alaves,6.0,2024-11-22,0.663522132475862,1.0
2024-11-23,La Liga,Valencia,Betis,6.0,2024-11-22,0.7214865314183798,1.0
2024-11-24,La Liga,Osasuna,Villarreal,11.0,2024-11-22,0.6756142483885562,1.0
2024-11-24,La Liga,Sevilla,Vallecano,7.0,2024-11-22,0.7454708891722618,1.0
2024-11-24,La Liga,Leganes,Real Madrid,2.0,2024-11-22,0.5290217220358825,0.0
2024-11-24,La Liga,Ath Bilbao,Sociedad,7.0,2024-11-22,0.6502772255623385,1.0
2024-11-29,La Liga,Mallorca,Valencia,0.0,2024-11-22,0.7114122569943923,0.0
2024-11-30,La Liga,Barcelona,Las Palmas,0.0,2024-11-22,0.6693430426576371,0.0
2024-11-30,La Liga,Alaves,Leganes,5.0,2024-11-22,0.672311332099831,1.0
2024-11-30,La Liga,Espanol,Celta,4.0,2024-11-22,0.7351057815244053,1.0
2024-11-30,La Liga,Valladolid,Ath Madrid,3.0,2024-11-22,0.6995023655213072,0.0
2024-12-01,La Liga,Sociedad,Betis,5.0,2024-11-22,0.669579787425844,1.0
2024-12-01,La Liga,Vallecano,Ath Bilbao,3.0,2024-11-22,0.6903562502834261,0.0
2024-12-01,La Liga,Villarreal,Girona,8.0,2024-11-22,0.7377772787333124,1.0
2024-12-01,La Liga,Real Madrid,Getafe,8.0,2024-11-22,0.7672766609502406,1.0
2024-12-02,La Liga,Sevilla,Osasuna,2.0,2024-11-22,0.6359576569383503,0.0
2024-12-03,La Liga,Mallorca,Barcelona,7.0,2024-11-22,0.6235309489475518,1.0
2024-12-04,La Liga,Ath Bilbao,Real Madrid,6.0,2024-11-22,0.5386136453574245,1.0
2024-12-06,La Liga,Celta,Mallorca,1.0,2024-11-22,0.6456671176712483,0.0
2024-12-07,La Liga,Las Palmas,Valladolid,7.0,2024-11-22,0.7744299132761586,1.0
2024-12-07,La Liga,Betis,Barcelona,3.0,2024-11-22,0.6395539847258422,0.0
2024-12-07,La Liga,Valencia,Vallecano,4.0,2024-11-22,0.770437010866035,1.0
2024-12-07,La Liga,Girona,Real Madrid,5.0,2024-11-22,0.5578655428087068,1.0
2024-12-08,La Liga,Ath Madrid,Sevilla,7.0,2024-11-22,0.6579096876404041,1.0
2024-12-08,La Liga,Leganes,Sociedad,4.0,2024-11-22,0.6337150482987095,1.0
2024-12-08,La Liga,Ath Bilbao,Villarreal,3.0,2024-11-22,0.720929552270765,0.0
2024-12-08,La Liga,Osasuna,Alaves,7.0,2024-11-22,0.6430758828949475,1.0
2024-12-09,La Liga,Getafe,Espanol,9.0,2024-11-22,0.8928570638676976,1.0
2024-12-13,La Liga,Valladolid,Valencia,7.0,2024-11-22,0.8000273690866604,1.0
2024-12-14,La Liga,Vallecano,Real Madrid,6.0,2024-11-22,0.6130652883737706,1.0
2024-12-14,La Liga,Sevilla,Celta,10.0,2024-11-22,0.6934813305959281,1.0
2024-12-14,La Liga,Espanol,Osasuna,4.0,2024-11-22,0.6855219231180687,1.0
2024-12-14,La Liga,Mallorca,Girona,7.0,2024-11-22,0.6480360992091267,1.0
2024-12-15,La Liga,Ath Madrid,Getafe,4.0,2024-11-22,0.8017366867022988,1.0
2024-12-15,La Liga,Alaves,Ath Bilbao,4.0,2024-11-22,0.6868149134408258,1.0
2024-12-15,La Liga,Sociedad,Las Palmas,5.0,2024-11-22,0.6977481639948179,1.0
2024-12-15,La Liga,Villarreal,Betis,7.0,2024-11-22,0.7364155310190041,1.0
2024-12-15,La Liga,Barcelona,Leganes,2.0,2024-11-22,0.6104700523783223,0.0
2024-12-18,La Liga,Espanol,Valencia,1.0,2024-11-22,0.799515585834053,0.0
2024-12-18,La Liga,Villarreal,Vallecano,7.0,2024-11-22,0.780047941396094,1.0
2024-12-20,La Liga,Girona,Valladolid,4.0,2024-11-22,0.7529501966380412,1.0
2024-12-21,La Liga,Barcelona,Ath Madrid,3.0,2024-11-22,0.6027314711979623,0.0
2024-12-21,La Liga,Osasuna,Ath Bilbao,1.0,2024-11-22,0.5760134883433249,0.0
2024-12-21,La Liga,Getafe,Mallorca,7.0,2024-11-22,0.8159294955729904,1.0
2024-12-21,La Liga,Celta,Sociedad,8.0,2024-11-22,0.6579689994760244,1.0
2024-12-22,La Liga,Valencia,Alaves,3.0,2024-12-22,0.7522988055768365,0.0
2024-12-22,La Liga,Real Madrid,Sevilla,3.0,2024-12-22,0.6553924320017922,0.0
2024-12-22,La Liga,Las Palmas,Espanol,6.0,2024-12-22,0.7410355027585227,1.0
2024-12-22,La Liga,Leganes,Villarreal,3.0,2024-12-22,0.6838598895706735,0.0
2024-12-22,La Liga,Betis,Vallecano,4.0,2024-12-22,0.7206993510881553,1.0
2025-01-03,La Liga,Valencia,Real Madrid,5.0,2024-12-22,0.6072195716980741,1.0
2025-01-10,La Liga,Vallecano,Celta,5.0,2024-12-22,0.7278966350005364,1.0
2025-01-11,La Liga,Espanol,Leganes,4.0,2024-12-22,0.639160560290223,1.0
2025-01-11,La Liga,Alaves,Girona,5.0,2024-12-22,0.724802794071896,1.0
2025-01-11,La Liga,Valladolid,Betis,6.0,2024-12-22,0.7402531985199287,1.0
2025-01-11,La Liga,Sevilla,Valencia,3.0,2024-12-22,0.7579550981510953,0.0
2025-01-12,La Liga,Ath Madrid,Osasuna,2.0,2024-12-22,0.5529032399536227,0.0
2025-01-12,La Liga,Las Palmas,Getafe,5.0,2024-12-22,0.8561991261585179,1.0
2025-01-13,La Liga,Sociedad,Villarreal,6.0,2024-12-22,0.781193222457659,1.0
2025-01-17,La Liga,Espanol,Valladolid,4.0,2024-12-22,0.7873628499039282,1.0
2025-01-18,La Liga,Girona,Sevilla,4.0,2024-12-22,0.7361285523934707,1.0
2025-01-18,La Liga,Leganes,Ath Madrid,4.0,2024-12-22,0.5267535372724177,1.0
2025-01-18,La Liga,Betis,Alaves,9.0,2024-12-22,0.7195487309938995,1.0
2025-01-18,La Liga,Getafe,Barcelona,5.0,2024-12-22,0.8214336007328282,1.0
2025-01-19,La Liga,Celta,Ath Bilbao,0.0,2024-12-22,0.6433940077481488,0.0
2025-01-19,La Liga,Real Madrid,Las Palmas,1.0,2024-12-22,0.6029048877945437,0.0
2025-01-19,La Liga,Osasuna,Vallecano,5.0,2024-12-22,0.6578234525245134,1.0
2025-01-19,La Liga,Valencia,Sociedad,7.0,2024-12-22,0.7226551967061253,1.0
2025-01-20,La Liga,Villarreal,Mallorca,4.0,2024-12-22,0.7394207060276855,1.0
2025-01-24,La Liga,Las Palmas,Osasuna,15.0,2025-01-24,0.607950840815886,1.0
2025-01-25,La Liga,Valladolid,Real Madrid,6.0,2025-01-24,0.6492366516207756,1.0
2025-01-25,La Liga,Sevilla,Espanol,5.0,2025-01-24,0.7573065677296549,1.0
2025-01-25,La Liga,Mallorca,Betis,4.0,2025-01-24,0.6567942294697915,1.0
2025-01-25,La Liga,Ath Madrid,Villarreal,6.0,2025-01-24,0.7082217985422093,1.0
2025-01-26,La Liga,Vallecano,Girona,4.0,2025-01-24,0.7245024205493164,1.0
2025-01-26,La Liga,Sociedad,Getafe,9.0,2025-01-24,0.8634039603345215,1.0
2025-01-26,La Liga,Ath Bilbao,Leganes,2.0,2025-01-24,0.531614527749114,0.0
2025-01-26,La Liga,Barcelona,Valencia,1.0,2025-01-24,0.665394821159744,0.0
2025-01-27,La Liga,Alaves,Celta,5.0,2025-01-24,0.7247066418504774,1.0
2025-01-31,La Liga,Leganes,Vallecano,6.0,2025-01-24,0.6215048971371983,1.0
2025-02-01,La Liga,Espanol,Real Madrid,2.0,2025-01-24,0.6306942645886271,0.0
2025-02-01,La Liga,Getafe,Sevilla,10.0,2025-01-24,0.8681645992296861,1.0
2025-02-01,La Liga,Villarreal,Valladolid,3.0,2025-01-24,0.8218150920355944,0.0
2025-02-01,La Liga,Ath Madrid,Mallorca,5.0,2025-01-24,0.5768654367347991,1.0
2025-02-02,La Liga,Osasuna,Sociedad,6.0,2025-01-24,0.6340700572104221,1.0
2025-02-02,La Liga,Betis,Ath Bilbao,4.0,2025-01-24,0.6352452914984376,1.0
2025-02-02,La Liga,Barcelona,Alaves,7.0,2025-01-24,0.6986778840220965,1.0
2025-02-02,La Liga,Valencia,Celta,3.0,2025-01-24,0.6951034731856325,0.0
2025-02-03,La Liga,Girona,Las Palmas,4.0,2025-01-24,0.6806313619520665,1.0
2025-02-07,La Liga,Vallecano,Valladolid,4.0,2025-01-24,0.7846495750503987,1.0
2025-02-08,La Liga,Celta,Betis,8.0,2025-01-24,0.6791745875089867,1.0
2025-02-08,La Liga,Ath Bilbao,Girona,4.0,2025-01-24,0.6273520789171085,1.0
2025-02-08,La Liga,Las Palmas,Villarreal,9.0,2025-01-24,0.7636197205229625,1.0
2025-02-08,La Liga,Real Madrid,Ath Madrid,4.0,2025-01-24,0.533123191126576,1.0
2025-02-09,La Liga,Alaves,Getafe,8.0,2025-01-24,0.8832254651597955,1.0
2025-02-09,La Liga,Valencia,Leganes,2.0,2025-01-24,0.6161956570766234,0.0
2025-02-09,La Liga,Sociedad,Espanol,3.0,2025-01-24,0.7507098480872217,0.0
2025-02-09,La Liga,Sevilla,Barcelona,7.0,2025-01-24,0.6849554606532055,1.0
2025-02-10,La Liga,Mallorca,Osasuna,5.0,2025-01-24,0.5706721783782813,1.0
2025-02-14,La Liga,Girona,Getafe,5.0,2025-01-24,0.8500164077959201,1.0
2025-02-15,La Liga,Villarreal,Valencia,5.0,2025-01-24,0.7865524712145984,1.0
2025-02-15,La Liga,Ath Madrid,Celta,8.0,2025-01-24,0.6167851562454034,1.0
2025-02-15,La Liga,Leganes,Alaves,9.0,2025-01-24,0.6328384901010689,1.0
2025-02-15,La Liga,Osasuna,Real Madrid,4.0,2025-01-24,0.5047441639636213,1.0
2025-02-16,La Liga,Espanol,Ath Bilbao,2.0,2025-01-24,0.677739630585707,0.0
2025-02-16,La Liga,Valladolid,Sevilla,6.0,2025-01-24,0.7783463265850225,1.0
2025-02-16,La Liga,Mallorca,Las Palmas,5.0,2025-01-24,0.6415749197547888,1.0
2025-02-16,La Liga,Betis,Sociedad,2.0,2025-01-24,0.7123009816485768,0.0
2025-02-17,La Liga,Barcelona,Vallecano,5.0,2025-01-24,0.6943636583746012,1.0
2025-02-21,La Liga,Celta,Osasuna,1.0,2025-01-24,0.6060327886182997,0.0
2025-02-22,La Liga,Las Palmas,Barcelona,2.0,2025-01-24,0.6415448235146268,0.0
2025-02-22,La Liga,Alaves,Espanol,4.0,2025-01-24,0.7780814707933424,1.0
2025-02-22,La Liga,Vallecano,Villarreal,5.0,2025-01-24,0.8029507452131953,1.0
2025-02-22,La Liga,Valencia,Ath Madrid,4.0,2025-01-24,0.6590854617764482,1.0
2025-02-23,La Liga,Sociedad,Leganes,6.0,2025-02-23,0.6191930534289244,1.0
2025-02-23,La Liga,Getafe,Betis,3.0,2025-02-23,0.8575886848689798,0.0
2025-02-23,La Liga,Ath Bilbao,Valladolid,5.0,2025-02-23,0.6784124198943847,1.0
2025-02-23,La Liga,Real Madrid,Girona,2.0,2025-02-23,0.5604481079083793,0.0
2025-02-24,La Liga,Sevilla,Mallorca,4.0,2025-02-23,0.6957889118569597,1.0
2025-02-28,La Liga,Valladolid,Las Palmas,3.0,2025-02-23,0.7740680032509766,0.0
2025-03-01,La Liga,Girona,Celta,0.0,2025-02-23,0.6640924854628802,0.0
2025-03-01,La Liga,Vallecano,Sevilla,1.0,2025-02-23,0.7691072461400492,0.0
2025-03-01,La Liga,Betis,Real Madrid,7.0,2025-02-23,0.572371903285105,1.0
2025-03-01,La Liga,Ath Madrid,Ath Bilbao,5.0,2025-02-23,0.5659035024333008,1.0
2025-03-02,La Liga,Leganes,Getafe,2.0,2025-02-23,0.7905026314084127,0.0
2025-03-02,La Liga,Barcelona,Sociedad,0.0,2025-02-23,0.660883189060328,0.0
2025-03-02,La Liga,Mallorca,Alaves,2.0,2025-02-23,0.7212123701303116,0.0
2025-03-02,La Liga,Osasuna,Valencia,3.0,2025-02-23,0.6392351737788515,0.0
2025-03-08,La Liga,Alaves,Villarreal,4.0,2025-02-23,0.826676405921964,1.0
2025-03-08,La Liga,Valencia,Valladolid,4.0,2025-02-23,0.7463620316474208,1.0
2025-03-08,La Liga,Celta,Leganes,5.0,2025-02-23,0.599421632045673,1.0
2025-03-09,La Liga,Getafe,Ath Madrid,8.0,2025-02-23,0.8175407221026942,1.0
2025-03-09,La Liga,Real Madrid,Vallecano,4.0,2025-02-23,0.6285259525535647,1.0
2025-03-09,La Liga,Ath Bilbao,Mallorca,4.0,2025-02-23,0.5929200972319354,1.0
2025-03-09,La Liga,Betis,Las Palmas,10.0,2025-02-23,0.7287537741445201,1.0
2025-03-09,La Liga,Sociedad,Sevilla,3.0,2025-02-23,0.7554579547025496,0.0
2025-03-10,La Liga,Espanol,Girona,6.0,2025-02-23,0.6798448543758577,1.0
2025-03-14,La Liga,Las Palmas,Alaves,10.0,2025-02-23,0.7862452412018233,1.0
2025-03-15,La Liga,Valladolid,Celta,6.0,2025-02-23,0.7356667667489588,1.0
2025-03-15,La Liga,Mallorca,Espanol,2.0,2025-02-23,0.6534345443015595,0.0
2025-03-15,La Liga,Villarreal,Real Madrid,3.0,2025-02-23,0.6632828537337896,0.0
2025-03-15,La Liga,Girona,Valencia,3.0,2025-02-23,0.6665687027803361,0.0
2025-03-16,La Liga,Vallecano,Sociedad,5.0,2025-02-23,0.7387487912753491,1.0
2025-03-16,La Liga,Osasuna,Getafe,5.0,2025-02-23,0.8240416989741881,1.0
2025-03-16,La Liga,Ath Madrid,Barcelona,4.0,2025-02-23,0.5927303153727642,1.0
2025-03-16,La Liga,Leganes,Betis,3.0,2025-02-23,0.6004578805356277,0.0
2025-03-16,La Liga,Sevilla,Ath Bilbao,6.0,2025-02-23,0.668158462344204,1.0
2025-03-27,La Liga,Barcelona,Osasuna,4.0,2025-03-27,0.5838654264993416,1.0
2025-03-29,La Liga,Real Madrid,Leganes,5.0,2025-03-27,0.48550120380385714,1.0
2025-03-29,La Liga,Alaves,Vallecano,8.0,2025-03-27,0.7825871576642939,1.0
2025-03-29,La Liga,Sociedad,Valladolid,5.0,2025-03-27,0.7438858862986623,1.0
2025-03-29,La Liga,Espanol,Ath Madrid,3.0,2025-03-27,0.6546131149238307,0.0
2025-03-30,La Liga,Getafe,Villarreal,5.0,2025-03-27,0.9011286719481362,1.0
2025-03-30,La Liga,Barcelona,Girona,1.0,2025-03-27,0.593838392337216,0.0
2025-03-30,La Liga,Ath Bilbao,Osasuna,2.0,2025-03-27,0.5803481647182994,0.0
2025-03-30,La Liga,Valencia,Mallorca,10.0,2025-03-27,0.6417162797783608,1.0
2025-03-30,La Liga,Betis,Sevilla,8.0,2025-03-27,0.7479103965851641,1.0
2025-03-31,La Liga,Celta,Las Palmas,3.0,2025-03-27,0.747954002473237,0.0
2025-04-04,La Liga,Vallecano,Espanol,4.0,2025-03-27,0.7211558194818207,1.0
2025-04-05,La Liga,Girona,Alaves,5.0,2025-03-27,0.7232934973986502,1.0
2025-04-05,La Liga,Real Madrid,Valencia,4.0,2025-03-27,0.5602760819125707,1.0
2025-04-05,La Liga,Mallorca,Celta,3.0,2025-03-27,0.6263312485864748,0.0
2025-04-05,La Liga,Barcelona,Betis,3.0,2025-03-27,0.6404535979389213,0.0
2025-04-06,La Liga,Villarreal,Ath Bilbao,1.0,2025-03-27,0.7054262958714483,0.0
2025-04-06,La Liga,Valladolid,Getafe,4.0,2025-03-27,0.8823839896394007,1.0
2025-04-06,La Liga,Las Palmas,Sociedad,2.0,2025-03-27,0.757468425064685,0.0
2025-04-06,La Liga,Sevilla,Ath Madrid,5.0,2025-03-27,0.6865624368568053,1.0
2025-04-07,La Liga,Leganes,Osasuna,6.0,2025-03-27,0.5358220603926743,1.0
2025-04-11,La Liga,Valencia,Sevilla,5.0,2025-03-27,0.7287313449568991,1.0
2025-04-12,La Liga,Sociedad,Mallorca,4.0,2025-03-27,0.6469133736438678,1.0
2025-04-12,La Liga,Getafe,Las Palmas,2.0,2025-03-27,0.8923564809071394,0.0
2025-04-12,La Liga,Celta,Espanol,4.0,2025-03-27,0.6932413135457959,1.0
2025-04-12,La Liga,Leganes,Barcelona,3.0,2025-03-27,0.527896375303207,0.0
2025-04-13,La Liga,Osasuna,Girona,2.0,2025-03-27,0.6013351982735148,0.0
2025-04-13,La Liga,Alaves,Real Madrid,8.0,2025-03-27,0.6475619754735513,1.0
2025-04-13,La Liga,Betis,Villarreal,4.0,2025-03-27,0.7759969777081565,1.0
2025-04-13,La Liga,Ath Bilbao,Vallecano,7.0,2025-03-27,0.6610858301691903,1.0
2025-04-14,La Liga,Ath Madrid,Valladolid,2.0,2025-03-27,0.6985918645873314,0.0
2025-04-18,La Liga,Espanol,Getafe,2.0,2025-03-27,0.8528812289681031,0.0
2025-04-19,La Liga,Las Palmas,Ath Madrid,4.0,2025-03-27,0.7172352484492979,1.0
2025-04-19,La Liga,Mallorca,Leganes,3.0,2025-03-27,0.5286866896794017,0.0
2025-04-19,La Liga,Vallecano,Valencia,4.0,2025-03-27,0.7056231142994466,1.0
2025-04-19,La Liga,Barcelona,Celta,4.0,2025-03-27,0.6180169901190996,1.0
2025-04-20,La Liga,Valladolid,Osasuna,2.0,2025-03-27,0.6864759959275384,0.0
2025-04-20,La Liga,Villarreal,Sociedad,6.0,2025-03-27,0.7699405268898902,1.0
2025-04-20,La Liga,Sevilla,Alaves,4.0,2025-03-27,0.789220708133862,1.0
2025-04-20,La Liga,Real Madrid,Ath Bilbao,3.0,2025-03-27,0.5108462309720627,0.0
2025-04-21,La Liga,Girona,Betis,5.0,2025-03-27,0.6628545187701937,1.0
2025-04-22,La Liga,Valencia,Espanol,3.0,2025-03-27,0.6972978744478968,0.0
2025-04-22,La Liga,Barcelona,Mallorca,1.0,2025-03-27,0.5886841574500926,0.0
2025-04-23,La Liga,Getafe,Real Madrid,4.0,2025-03-27,0.7704302215033814,1.0
2025-04-23,La Liga,Ath Bilbao,Las Palmas,4.0,2025-03-27,0.7010952270400753,1.0
2025-04-23,La Liga,Celta,Villarreal,3.0,2025-03-27,0.7551883485031178,0.0
2025-04-23,La Liga,Alaves,Sociedad,9.0,2025-03-27,0.7620056140511399,1.0
2025-04-24,La Liga,Betis,Valladolid,1.0,2025-03-27,0.7546686478200455,0.0
2025-04-24,La Liga,Ath Madrid,Vallecano,2.0,2025-03-27,0.6774845905973539,0.0
2025-04-24,La Liga,Leganes,Girona,6.0,2025-03-27,0.5502302921455278,1.0
2025-04-24,La Liga,Osasuna,Sevilla,6.0,2025-03-27,0.6786385567040278,1.0
2025-04-27,La Liga,Villarreal,Espanol,4.0,2025-04-27,0.7291652041472965,1.0
2025-05-02,La Liga,Vallecano,Getafe,5.0,2025-04-27,0.8562224743012806,1.0
2025-05-03,La Liga,Valladolid,Barcelona,5.0,2025-04-27,0.6179741642886645,1.0
2025-05-03,La Liga,Alaves,Ath Madrid,5.0,2025-04-27,0.7369787100469377,1.0
2025-05-03,La Liga,Villarreal,Osasuna,5.0,2025-04-27,0.6986644739176836,1.0
2025-05-03,La Liga,Las Palmas,Valencia,2.0,2025-04-27,0.7241172788292783,0.0
2025-05-04,La Liga,Sevilla,Leganes,9.0,2025-04-27,0.6677408917333472,1.0
2025-05-04,La Liga,Espanol,Betis,2.0,2025-04-27,0.6739464982917979,0.0
2025-05-04,La Liga,Real Madrid,Celta,3.0,2025-04-27,0.5662459708960754,0.0
2025-05-04,La Liga,Sociedad,Ath Bilbao,3.0,2025-04-27,0.6308739555189269,0.0
2025-05-05,La Liga,Girona,Mallorca,2.0,2025-04-27,0.609523585146112,0.0
2025-05-09,La Liga,Las Palmas,Vallecano,5.0,2025-04-27,0.7510772975583977,1.0
2025-05-10,La Liga,Valencia,Getafe,8.0,2025-04-27,0.8426920595841632,1.0
2025-05-10,La Liga,Celta,Sevilla,2.0,2025-04-27,0.7220542269993577,0.0
2025-05-10,La Liga,Girona,Villarreal,5.0,2025-04-27,0.715083166962576,1.0
2025-05-10,La Liga,Mallorca,Valladolid,3.0,2025-04-27,0.6403106650252989,0.0
2025-05-10,La Liga,Ath Madrid,Sociedad,1.0,2025-04-27,0.6490612566277243,0.0
2025-05-11,La Liga,Leganes,Espanol,4.0,2025-04-27,0.5899742256357151,1.0
2025-05-11,La Liga,Barcelona,Real Madrid,7.0,2025-04-27,0.5003511019500068,1.0
2025-05-11,La Liga,Ath Bilbao,Alaves,2.0,2025-04-27,0.7183373328124283,0.0
2025-05-11,La Liga,Betis,Osasuna,5.0,2025-04-27,0.6473805532258738,1.0
2025-05-13,La Liga,Sevilla,Las Palmas,12.0,2025-04-27,0.7669602669899037,1.0
2025-05-13,La Liga,Sociedad,Celta,4.0,2025-04-27,0.6783581432412655,1.0
2025-05-13,La Liga,Valladolid,Girona,0.0,2025-04-27,0.6575994181112877,0.0
2025-05-14,La Liga,Alaves,Valencia,7.0,2025-04-27,0.7820154454482152,1.0
2025-05-14,La Liga,Villarreal,Leganes,2.0,2025-04-27,0.6839117098564098,0.0
2025-05-14,La Liga,Real Madrid,Mallorca,3.0,2025-04-27,0.5657330268784874,0.0
2025-05-15,La Liga,Vallecano,Betis,4.0,2025-04-27,0.7290054287436649,1.0
2025-05-15,La Liga,Osasuna,Ath Madrid,2.0,2025-04-27,0.5785940853969029,0.0
2025-05-15,La Liga,Espanol,Barcelona,4.0,2025-04-27,0.5846128739860147,1.0
2025-05-15,La Liga,Getafe,Ath Bilbao,1.0,2025-04-27,0.778188421555235,0.0
2025-05-18,La Liga,Valladolid,Alaves,2.0,2025-04-27,0.7871457374350762,0.0
2025-05-18,La Liga,Sociedad,Girona,4.0,2025-04-27,0.6615081007945177,1.0
2025-05-18,La Liga,Sevilla,Real Madrid,1.0,2025-04-27,0.6492164118136009,0.0
2025-05-18,La Liga,Osasuna,Espanol,2.0,2025-04-27,0.6077747955631395,0.0
2025-05-18,La Liga,Valencia,Ath Bilbao,4.0,2025-04-27,0.6185468406608707,1.0
2025-05-18,La Liga,Las Palmas,Leganes,4.0,2025-04-27,0.6502125400325564,1.0
2025-05-18,La Liga,Celta,Vallecano,5.0,2025-04-27,0.7036958398244075,1.0
2025-05-18,La Liga,Barcelona,Villarreal,2.0,2025-04-27,0.6771198169646754,0.0
2025-05-18,La Liga,Mallorca,Getafe,4.0,2025-04-27,0.788290029128616,1.0
2025-05-18,La Liga,Ath Madrid,Betis,2.0,2025-04-27,0.6449209764180509,0.0
2025-05-23,La Liga,Betis,Valencia,3.0,2025-04-27,0.6955914233069739,0.0
2025-05-24,La Liga,Real Madrid,Sociedad,0.0,2025-04-27,0.6112438742341252,0.0
2025-05-24,La Liga,Espanol,Las Palmas,5.0,2025-04-27,0.6955854968192646,1.0
2025-05-24,La Liga,Leganes,Valladolid,1.0,2025-04-27,0.6228596117036084,0.0
2025-05-24,La Liga,Alaves,Osasuna,4.0,2025-04-27,0.7335163346158896,1.0
2025-05-24,La Liga,Getafe,Celta,7.0,2025-04-27,0.8162755505045638,1.0
2025-05-24,La Liga,Vallecano,Mallorca,4.0,2025-04-27,0.6710683939616146,1.0
2025-05-25,La Liga,Girona,Ath Madrid,1.0,2025-04-27,0.6011886065116069,0.0
2025-05-25,La Liga,Villarreal,Sevilla,1.0,2025-04-27,0.7965114931583462,0.0
2025-05-25,La Liga,Ath Bilbao,Barcelona,1.0,2025-04-27,0.5332891102078902,0.0
2025-08-15,La Liga,Girona,Vallecano,1.0,2025-08-15,0.664090920506977,0.0
2025-08-16,La Liga,Mallorca,Barcelona,5.0,2025-08-15,0.5515333725542748,1.0
2025-08-16,La Liga,Alaves,Levante,1.0,2025-08-15,0.8145286813989622,0.0
2025-08-16,La Liga,Valencia,Sociedad,3.0,2025-08-15,0.6920301081048418,0.0
2025-08-17,La Liga,Celta,Getafe,5.0,2025-08-15,0.8218753220162937,1.0
2025-08-17,La Liga,Ath Bilbao,Sevilla,2.0,2025-08-15,0.6591936754757998,0.0
2025-08-17,La Liga,Espanol,Ath Madrid,6.0,2025-08-15,0.5706028857157182,1.0
2025-08-18,La Liga,Elche,Betis,1.0,2025-08-15,0.6963664000629066,0.0
2025-08-19,La Liga,Real Madrid,Osasuna,1.0,2025-08-15,0.5262559241086261,0.0
2025-08-22,La Liga,Betis,Alaves,5.0,2025-08-15,0.7736524238869444,1.0
2025-08-23,La Liga,Mallorca,Celta,6.0,2025-08-15,0.6054178251033576,1.0
2025-08-23,La Liga,Ath Madrid,Elche,3.0,2025-08-15,0.6182787145430163,0.0
2025-08-23,La Liga,Levante,Barcelona,4.0,2025-08-15,0.6596261728137156,1.0
2025-08-24,La Liga,Sociedad,Espanol,4.0,2025-08-15,0.6477100480850838,1.0
2025-08-24,La Liga,Villarreal,Girona,3.0,2025-08-15,0.6703684497110505,0.0
2025-08-24,La Liga,Osasuna,Valencia,3.0,2025-08-15,0.6351069796472117,0.0
2025-08-25,La Liga,Sevilla,Getafe,4.0,2025-08-15,0.8737410686083862,1.0
2025-08-25,La Liga,Ath Bilbao,Vallecano,4.0,2025-08-15,0.6326896163449275,1.0
2025-08-27,La Liga,Celta,Betis,3.0,2025-08-15,0.6581802882887747,0.0
2025-08-29,La Liga,Elche,Levante,3.0,2025-08-15,0.7409855585862852,0.0
2025-08-29,La Liga,Valencia,Getafe,2.0,2025-08-15,0.8454915449443964,0.0
2025-08-30,La Liga,Alaves,Ath Madrid,5.0,2025-08-15,0.705694804304263,1.0
2025-08-30,La Liga,Girona,Sevilla,2.0,2025-08-15,0.6899883832045,0.0
2025-08-30,La Liga,Real Madrid,Mallorca,2.0,2025-08-15,0.5428585679967337,0.0
2025-08-31,La Liga,Celta,Villarreal,2.0,2025-08-15,0.7145081311382442,0.0
2025-08-31,La Liga,Betis,Ath Bilbao,5.0,2025-08-15,0.5842265740169627,1.0
2025-08-31,La Liga,Espanol,Osasuna,5.0,2025-08-15,0.5878674315555472,1.0
2025-08-31,La Liga,Vallecano,Barcelona,5.0,2025-08-15,0.6476805643976214,1.0
2025-09-12,La Liga,Sevilla,Elche,7.0,2025-08-15,0.7507518115573077,1.0
2025-09-13,La Liga,Ath Madrid,Villarreal,6.0,2025-08-15,0.658118603840788,1.0
2025-09-13,La Liga,Ath Bilbao,Alaves,7.0,2025-08-15,0.6863928948774561,1.0
2025-09-13,La Liga,Sociedad,Real Madrid,3.0,2025-08-15,0.5711202003476391,0.0
2025-09-14,La Liga,Celta,Girona,3.0,2025-09-14,0.5644394658401162,0.0
2025-09-14,La Liga,Levante,Betis,5.0,2025-09-14,0.6168909542070482,1.0
2025-09-14,La Liga,Osasuna,Vallecano,5.0,2025-09-14,0.650864990279285,1.0
2025-09-14,La Liga,Barcelona,Valencia,1.0,2025-09-14,0.6092980142505231,0.0
2025-09-15,La Liga,Espanol,Mallorca,3.0,2025-09-14,0.6090987369524301,0.0
2025-09-19,La Liga,Betis,Sociedad,10.0,2025-09-14,0.6659999370699805,1.0
2025-09-20,La Liga,Girona,Levante,7.0,2025-09-14,0.542292836078591,1.0
2025-09-20,La Liga,Real Madrid,Espanol,2.0,2025-09-14,0.5509872611950416,0.0
2025-09-20,La Liga,Alaves,Sevilla,8.0,2025-09-14,0.8178821950354053,1.0
2025-09-20,La Liga,Villarreal,Osasuna,5.0,2025-09-14,0.6616747240342453,1.0
2025-09-20,La Liga,Valencia,Ath Bilbao,2.0,2025-09-14,0.5849442064225729,0.0
2025-09-21,La Liga,Barcelona,Getafe,6.0,2025-09-14,0.7818608106833922,1.0
2025-09-21,La Liga,Elche,Oviedo,4.0,2025-09-14,0.49435773137758093,1.0
2025-09-21,La Liga,Mallorca,Ath Madrid,0.0,2025-09-14,0.5639623417488343,0.0
2025-09-21,La Liga,Vallecano,Celta,2.0,2025-09-14,0.6880172538794823,0.0
2025-09-23,La Liga,Ath Bilbao,Girona,2.0,2025-09-14,0.5012345966812046,0.0
2025-09-23,La Liga,Espanol,Valencia,5.0,2025-09-14,0.656800553483566,1.0
2025-09-23,La Liga,Levante,Real Madrid,2.0,2025-09-14,0.5047587670354015,0.0
2025-09-23,La Liga,Sevilla,Villarreal,5.0,2025-09-14,0.7704740247875641,1.0
2025-09-24,La Liga,Getafe,Alaves,5.0,2025-09-14,0.8896692207382292,1.0
2025-09-24,La Liga,Ath Madrid,Vallecano,7.0,2025-09-14,0.6528167039017653,1.0
2025-09-24,La Liga,Sociedad,Mallorca,4.0,2025-09-14,0.6251211506688894,1.0
2025-09-25,La Liga,Osasuna,Elche,4.0,2025-09-14,0.5895762597148997,1.0
2025-09-25,La Liga,Oviedo,Barcelona,1.0,2025-09-14,0.4906031760513226,0.0
2025-09-26,La Liga,Girona,Espanol,1.0,2025-09-14,0.5791700006175456,0.0
2025-09-27,La Liga,Villarreal,Ath Bilbao,2.0,2025-09-14,0.6375696935520332,0.0
2025-09-27,La Liga,Mallorca,Alaves,5.0,2025-09-14,0.7235111022471494,1.0
2025-09-27,La Liga,Getafe,Levante,7.0,2025-09-14,0.7769608814019842,1.0
2025-09-27,La Liga,Ath Madrid,Real Madrid,9.0,2025-09-14,0.4969004214866075,1.0
2025-09-28,La Liga,Vallecano,Sevilla,5.0,2025-09-14,0.7586757131427384,1.0
2025-09-28,La Liga,Elche,Celta,6.0,2025-09-14,0.628014153432677,1.0
2025-09-28,La Liga,Barcelona,Sociedad,3.0,2025-09-14,0.6106552593836292,0.0
2025-09-28,La Liga,Betis,Osasuna,1.0,2025-09-14,0.613547148594065,0.0
2025-09-30,La Liga,Valencia,Oviedo,5.0,2025-09-14,0.5647614919323667,1.0
2025-10-03,La Liga,Osasuna,Getafe,5.0,2025-09-14,0.7746061640254428,1.0
2025-10-04,La Liga,Oviedo,Levante,4.0,2025-09-14,0.45407786576684733,1.0
2025-10-04,La Liga,Girona,Valencia,6.0,2025-09-14,0.5853854493955235,1.0
2025-10-04,La Liga,Ath Bilbao,Mallorca,11.0,2025-09-14,0.5540565690315367,1.0
2025-10-04,La Liga,Real Madrid,Villarreal,6.0,2025-09-14,0.6129421207606013,1.0
2025-10-05,La Liga,Sociedad,Vallecano,3.0,2025-09-14,0.7054971222236118,0.0
2025-10-05,La Liga,Celta,Ath Madrid,4.0,2025-09-14,0.5976251391500357,1.0
2025-10-05,La Liga,Espanol,Betis,8.0,2025-09-14,0.6540118914094379,1.0
2025-10-05,La Liga,Alaves,Elche,4.0,2025-09-14,0.7489288519600147,1.0
2025-10-05,La Liga,Sevilla,Barcelona,12.0,2025-09-14,0.6738250613952369,1.0
2025-10-17,La Liga,Oviedo,Espanol,3.0,2025-10-17,0.4726817792812447,0.0
2025-10-18,La Liga,Sevilla,Mallorca,3.0,2025-10-17,0.7074266389132774,0.0
2025-10-18,La Liga,Barcelona,Girona,3.0,2025-10-17,0.5270871479248059,0.0
2025-10-18,La Liga,Villarreal,Betis,2.0,2025-10-17,0.7286254601041952,0.0
2025-10-18,La Liga,Ath Madrid,Osasuna,4.0,2025-10-17,0.554900369271598,1.0
2025-10-19,La Liga,Elche,Ath Bilbao,5.0,2025-10-17,0.5677009830692681,1.0
2025-10-19,La Liga,Celta,Sociedad,7.0,2025-10-17,0.6456577866594183,1.0
2025-10-19,La Liga,Levante,Vallecano,1.0,2025-10-17,0.6993415651616172,0.0
2025-10-19,La Liga,Getafe,Real Madrid,5.0,2025-10-17,0.7344004520353378,1.0
2025-10-20,La Liga,Alaves,Valencia,3.0,2025-10-17,0.7548276116441657,0.0
2025-10-24,La Liga,Sociedad,Sevilla,4.0,2025-10-17,0.7522313573986289,1.0
2025-10-25,La Liga,Valencia,Villarreal,6.0,2025-10-17,0.7154456217349714,1.0
2025-10-25,La Liga,Ath Bilbao,Getafe,4.0,2025-10-17,0.7623164201118773,1.0
2025-10-25,La Liga,Espanol,Elche,6.0,2025-10-17,0.627027114809025,1.0
2025-10-25,La Liga,Girona,Oviedo,7.0,2025-10-17,0.4375235232388679,1.0
2025-10-26,La Liga,Mallorca,Levante,5.0,2025-10-17,0.6243285672344872,1.0
2025-10-26,La Liga,Real Madrid,Barcelona,10.0,2025-10-17,0.49798261332063587,1.0
2025-10-26,La Liga,Osasuna,Celta,7.0,2025-10-17,0.570560734467435,1.0
2025-10-26,La Liga,Vallecano,Alaves,4.0,2025-10-17,0.7872189671855975,1.0
2025-10-27,La Liga,Betis,Ath Madrid,3.0,2025-10-17,0.646433174429886,0.0
2025-10-31,La Liga,Getafe,Girona,2.0,2025-10-17,0.7479809911129115,0.0
2025-11-01,La Liga,Sociedad,Ath Bilbao,5.0,2025-10-17,0.5879593384052804,1.0
2025-11-01,La Liga,Real Madrid,Valencia,2.0,2025-10-17,0.554403861920701,0.0
2025-11-01,La Liga,Villarreal,Vallecano,2.0,2025-10-17,0.7442194217757481,0.0
2025-11-01,La Liga,Ath Madrid,Sevilla,3.0,2025-10-17,0.7084678318359872,0.0
2025-11-02,La Liga,Betis,Mallorca,3.0,2025-10-17,0.6584751075941693,0.0
2025-11-02,La Liga,Barcelona,Elche,1.0,2025-10-17,0.6019680812651559,0.0
2025-11-02,La Liga,Levante,Celta,5.0,2025-10-17,0.6394327888932103,1.0
2025-11-02,La Liga,Alaves,Espanol,6.0,2025-10-17,0.7407619072090521,1.0
2025-11-03,La Liga,Oviedo,Osasuna,4.0,2025-10-17,0.4259341633046562,1.0
2025-11-07,La Liga,Elche,Sociedad,4.0,2025-10-17,0.6490257910027702,1.0
2025-11-08,La Liga,Girona,Alaves,3.0,2025-10-17,0.6820758115313903,0.0
2025-11-08,La Liga,Sevilla,Osasuna,8.0,2025-10-17,0.6828928415955473,1.0
2025-11-08,La Liga,Ath Madrid,Levante,4.0,2025-10-17,0.623779141598704,1.0
2025-11-08,La Liga,Espanol,Villarreal,2.0,2025-10-17,0.6935961886756234,0.0
2025-11-09,La Liga,Celta,Barcelona,6.0,2025-10-17,0.5778338472894016,1.0
2025-11-09,La Liga,Mallorca,Getafe,2.0,2025-10-17,0.7831976480568463,0.0
2025-11-09,La Liga,Valencia,Betis,6.0,2025-10-17,0.6744812010712493,1.0
2025-11-09,La Liga,Ath Bilbao,Oviedo,2.0,2025-10-17,0.45936535474005735,0.0
2025-11-09,La Liga,Vallecano,Real Madrid,5.0,2025-10-17,0.5997283067565566,1.0
2025-11-21,La Liga,Valencia,Levante,7.0,2025-11-21,0.6340917379218862,1.0
2025-11-22,La Liga,Alaves,Celta,4.0,2025-11-21,0.7512054391395844,1.0
2025-11-22,La Liga,Barcelona,Ath Bilbao,2.0,2025-11-21,0.5428158022150928,0.0
2025-11-22,La Liga,Osasuna,Sociedad,5.0,2025-11-21,0.6330994734876761,1.0
2025-11-22,La Liga,Villarreal,Mallorca,4.0,2025-11-21,0.6365476043399028,1.0
2025-11-23,La Liga,Getafe,Ath Madrid,5.0,2025-11-21,0.7582989006284168,1.0
2025-11-23,La Liga,Oviedo,Vallecano,3.0,2025-11-21,0.5411012371571003,0.0
2025-11-23,La Liga,Betis,Girona,7.0,2025-11-21,0.5836899361023674,1.0
2025-11-23,La Liga,Elche,Real Madrid,4.0,2025-11-21,0.5490760834701554,1.0
2025-11-24,La Liga,Espanol,Sevilla,5.0,2025-11-21,0.7298281704489247,1.0
2025-11-28,La Liga,Getafe,Elche,4.0,2025-11-21,0.7792088651620672,1.0
2025-11-29,La Liga,Ath Madrid,Oviedo,1.0,2025-11-21,0.49973811211451585,0.0
2025-11-29,La Liga,Levante,Ath Bilbao,5.0,2025-11-21,0.5589299267867737,1.0
2025-11-29,La Liga,Barcelona,Alaves,5.0,2025-11-21,0.7200656880541705,1.0
2025-11-29,La Liga,Mallorca,Osasuna,7.0,2025-11-21,0.5630020708712974,1.0
2025-11-30,La Liga,Girona,Real Madrid,3.0,2025-11-21,0.4865673744592239,0.0
2025-11-30,La Liga,Celta,Espanol,3.0,2025-11-21,0.6456277682147804,0.0
2025-11-30,La Liga,Sevilla,Betis,5.0,2025-11-21,0.7534385210025225,1.0
2025-11-30,La Liga,Sociedad,Villarreal,10.0,2025-11-21,0.7034382624436124,1.0
2025-12-01,La Liga,Vallecano,Valencia,2.0,2025-11-21,0.6708589728961264,0.0
2025-12-02,La Liga,Barcelona,Ath Madrid,2.0,2025-11-21,0.5794788353800276,0.0
2025-12-03,La Liga,Ath Bilbao,Real Madrid,2.0,2025-11-21,0.4931862642913573,0.0
2025-12-05,La Liga,Oviedo,Mallorca,3.0,2025-11-21,0.46689675318276674,0.0
2025-12-06,La Liga,Villarreal,Getafe,6.0,2025-11-21,0.8251675708100142,1.0
2025-12-06,La Liga,Alaves,Sociedad,4.0,2025-11-21,0.7601300317136035,1.0
2025-12-06,La Liga,Betis,Barcelona,7.0,2025-11-21,0.6267172771483367,1.0
2025-12-06,La Liga,Ath Bilbao,Ath Madrid,5.0,2025-11-21,0.5384579346201829,1.0
2025-12-07,La Liga,Real Madrid,Celta,7.0,2025-11-21,0.5791690207464233,1.0
2025-12-07,La Liga,Elche,Girona,3.0,2025-11-21,0.5470235165061876,0.0
2025-12-07,La Liga,Valencia,Sevilla,9.0,2025-11-21,0.7518457723323152,1.0
2025-12-07,La Liga,Espanol,Vallecano,12.0,2025-11-21,0.6582555369399593,1.0
2025-12-08,La Liga,Osasuna,Levante,4.0,2025-11-21,0.5980212576579098,1.0
2025-12-12,La Liga,Sociedad,Girona,3.0,2025-11-21,0.5849372034536405,0.0
2025-12-13,La Liga,Ath Madrid,Valencia,4.0,2025-11-21,0.6053890714209361,1.0
2025-12-13,La Liga,Mallorca,Elche,3.0,2025-11-21,0.5778732565810268,0.0
2025-12-13,La Liga,Barcelona,Osasuna,3.0,2025-11-21,0.5885439109030408,0.0
2025-12-13,La Liga,Getafe,Espanol,6.0,2025-11-21,0.7832540355363368,1.0
2025-12-14,La Liga,Sevilla,Oviedo,3.0,2025-11-21,0.6194708197188142,0.0
2025-12-14,La Liga,Celta,Ath Bilbao,5.0,2025-11-21,0.5842636700536965,1.0
2025-12-14,La Liga,Alaves,Real Madrid,4.0,2025-11-21,0.6709863032715419,1.0
2025-12-15,La Liga,Vallecano,Betis,5.0,2025-11-21,0.683898808642271,1.0
2025-12-19,La Liga,Valencia,Mallorca,5.0,2025-11-21,0.6153644578804576,1.0
2025-12-20,La Liga,Real Madrid,Sevilla,7.0,2025-11-21,0.6890574249340911,1.0
2025-12-20,La Liga,Osasuna,Alaves,4.0,2025-11-21,0.7136497796272271,1.0
2025-12-20,La Liga,Oviedo,Celta,3.0,2025-11-21,0.5509322683502149,0.0
2025-12-20,La Liga,Levante,Sociedad,8.0,2025-11-21,0.6521392705733376,1.0
2025-12-21,La Liga,Betis,Getafe,1.0,2025-12-21,0.8252664325045025,0.0
2025-12-21,La Liga,Elche,Vallecano,5.0,2025-12-21,0.6406239039409788,1.0
2025-12-21,La Liga,Girona,Ath Madrid,2.0,2025-12-21,0.5075108136088672,0.0
2025-12-21,La Liga,Villarreal,Barcelona,2.0,2025-12-21,0.6577039039238791,0.0
2025-12-22,La Liga,Ath Bilbao,Espanol,7.0,2025-12-21,0.5849591842197844,1.0
2026-01-02,La Liga,Vallecano,Getafe,7.0,2025-12-21,0.8140177459023568,1.0
2026-01-03,La Liga,Celta,Valencia,4.0,2025-12-21,0.6639988214246506,1.0
2026-01-03,La Liga,Osasuna,Ath Bilbao,6.0,2025-12-21,0.5418147714914613,1.0
2026-01-03,La Liga,Elche,Villarreal,6.0,2025-12-21,0.6554682994641874,1.0
2026-01-03,La Liga,Espanol,Barcelona,1.0,2025-12-21,0.6137225143685725,0.0
2026-01-04,La Liga,Mallorca,Girona,3.0,2025-12-21,0.5176840544802142,0.0
2026-01-04,La Liga,Sociedad,Ath Madrid,5.0,2025-12-21,0.6284355839805391,1.0
2026-01-04,La Liga,Alaves,Oviedo,6.0,2025-12-21,0.5389658782847219,1.0
2026-01-04,La Liga,Real Madrid,Betis,2.0,2025-12-21,0.6004176012399199,0.0
2026-01-04,La Liga,Sevilla,Levante,7.0,2025-12-21,0.7852903922990717,1.0
2026-01-09,La Liga,Getafe,Sociedad,3.0,2025-12-21,0.8215108633017386,0.0
2026-01-10,La Liga,Oviedo,Betis,4.0,2025-12-21,0.48293996040890824,1.0
2026-01-10,La Liga,Villarreal,Alaves,2.0,2025-12-21,0.7730927517061237,0.0
2026-01-10,La Liga,Girona,Osasuna,8.0,2025-12-21,0.5342477146437726,1.0
2026-01-10,La Liga,Valencia,Elche,5.0,2025-12-21,0.61519845012415,1.0
2026-01-11,La Liga,Vallecano,Mallorca,6.0,2025-12-21,0.6288283060326081,1.0
2026-01-11,La Liga,Levante,Espanol,1.0,2025-12-21,0.7009045579089109,0.0
2026-01-12,La Liga,Sevilla,Celta,6.0,2025-12-21,0.7581921064121475,1.0
2026-01-16,La Liga,Espanol,Girona,10.0,2025-12-21,0.5766690860239065,1.0
2026-01-17,La Liga,Osasuna,Oviedo,5.0,2025-12-21,0.4198983017039964,1.0
2026-01-17,La Liga,Betis,Villarreal,5.0,2025-12-21,0.7294541759530428,1.0
2026-01-17,La Liga,Real Madrid,Levante,3.0,2025-12-21,0.6312449282317896,0.0
2026-01-17,La Liga,Mallorca,Ath Bilbao,6.0,2025-12-21,0.5307856820933147,1.0
2026-01-18,La Liga,Sociedad,Barcelona,6.0,2025-12-21,0.6389735452627346,1.0
2026-01-18,La Liga,Celta,Vallecano,7.0,2025-12-21,0.6993785941280357,1.0
2026-01-18,La Liga,Getafe,Valencia,5.0,2025-12-21,0.8047167688327781,1.0
2026-01-18,La Liga,Ath Madrid,Alaves,2.0,2025-12-21,0.6761838115560758,0.0
2026-01-19,La Liga,Elche,Sevilla,4.0,2025-12-21,0.7128264001860468,1.0
2026-01-23,La Liga,Levante,Elche,5.0,2026-01-23,0.6317709547739404,1.0
2026-01-24,La Liga,Vallecano,Osasuna,4.0,2026-01-23,0.68596293388127,1.0
2026-01-24,La Liga,Valencia,Espanol,6.0,2026-01-23,0.6740889780844858,1.0
2026-01-24,La Liga,Sevilla,Ath Bilbao,3.0,2026-01-23,0.7050246420894524,0.0
2026-01-24,La Liga,Villarreal,Real Madrid,4.0,2026-01-23,0.6037151827714121,1.0
2026-01-25,La Liga,Ath Madrid,Mallorca,3.0,2026-01-23,0.5452778676849257,0.0
2026-01-25,La Liga,Barcelona,Oviedo,3.0,2026-01-23,0.48108195529452097,0.0
2026-01-25,La Liga,Sociedad,Celta,2.0,2026-01-23,0.6938768083612492,0.0
2026-01-25,La Liga,Alaves,Betis,2.0,2026-01-23,0.7267132714083887,0.0
2026-01-26,La Liga,Girona,Getafe,8.0,2026-01-23,0.7344156793297997,1.0
2026-01-30,La Liga,Espanol,Alaves,1.0,2026-01-23,0.7356061113710957,0.0
2026-01-31,La Liga,Elche,Barcelona,3.0,2026-01-23,0.5582320078087828,0.0
2026-01-31,La Liga,Levante,Ath Madrid,3.0,2026-01-23,0.594680468482511,0.0
2026-01-31,La Liga,Oviedo,Girona,2.0,2026-01-23,0.43667157297189096,0.0
2026-01-31,La Liga,Osasuna,Villarreal,4.0,2026-01-23,0.6757877691417524,1.0
2026-02-01,La Liga,Real Madrid,Vallecano,10.0,2026-01-23,0.6335114634052995,1.0
2026-02-01,La Liga,Betis,Valencia,4.0,2026-01-23,0.6642852247404971,1.0
2026-02-01,La Liga,Getafe,Celta,3.0,2026-01-23,0.7935351034528568,0.0
2026-02-01,La Liga,Ath Bilbao,Sociedad,6.0,2026-01-23,0.6319176588214966,1.0
2026-02-02,La Liga,Mallorca,Sevilla,2.0,2026-01-23,0.7137707196385444,0.0
2026-02-06,La Liga,Celta,Osasuna,4.0,2026-01-23,0.6616095354014694,1.0
2026-02-07,La Liga,Sociedad,Elche,4.0,2026-01-23,0.6508780965630707,1.0
2026-02-07,La Liga,Barcelona,Mallorca,0.0,2026-01-23,0.5769042857992734,0.0
2026-02-08,La Liga,Valencia,Real Madrid,2.0,2026-01-23,0.5681773065241288,0.0
2026-02-08,La Liga,Ath Madrid,Betis,4.0,2026-01-23,0.5851148645741613,1.0
2026-02-08,La Liga,Alaves,Getafe,7.0,2026-01-23,0.8381830411618649,1.0
2026-02-08,La Liga,Ath Bilbao,Levante,3.0,2026-01-23,0.6148741112875868,0.0
2026-02-08,La Liga,Sevilla,Girona,6.0,2026-01-23,0.6997568311633624,1.0
2026-02-09,La Liga,Villarreal,Espanol,6.0,2026-01-23,0.6975190225696847,1.0
2026-02-13,La Liga,Elche,Osasuna,6.0,2026-01-23,0.6083458968981676,1.0
2026-02-14,La Liga,Espanol,Celta,1.0,2026-01-23,0.6756686829971207,0.0
2026-02-14,La Liga,Getafe,Villarreal,5.0,2026-01-23,0.8057746923716191,1.0
2026-02-14,La Liga,Sevilla,Alaves,5.0,2026-01-23,0.8115638340534931,1.0
2026-02-14,La Liga,Real Madrid,Sociedad,2.0,2026-01-23,0.6033702982601178,0.0
2026-02-15,La Liga,Mallorca,Betis,7.0,2026-01-23,0.6241198097901596,1.0
2026-02-15,La Liga,Levante,Valencia,5.0,2026-01-23,0.6727609363031102,1.0
2026-02-15,La Liga,Vallecano,Ath Madrid,4.0,2026-01-23,0.625121259382658,1.0
2026-02-15,La Liga,Oviedo,Ath Bilbao,5.0,2026-01-23,0.44587891528134715,1.0
2026-02-16,La Liga,Girona,Barcelona,3.0,2026-01-23,0.5357303746528627,0.0
2026-02-18,La Liga,Levante,Villarreal,7.0,2026-01-23,0.7005386258742735,1.0
2026-02-20,La Liga,Ath Bilbao,Elche,6.0,2026-01-23,0.565574915359204,1.0
2026-02-21,La Liga,Ath Madrid,Espanol,1.0,2026-01-23,0.5927920263202316,0.0
2026-02-21,La Liga,Sociedad,Oviedo,3.0,2026-01-23,0.5480099575408595,0.0
2026-02-21,La Liga,Betis,Vallecano,7.0,2026-01-23,0.7135097920851378,1.0
2026-02-21,La Liga,Osasuna,Real Madrid,6.0,2026-01-23,0.5588936421872632,1.0
2026-02-22,La Liga,Celta,Mallorca,6.0,2026-02-22,0.6015853288554533,1.0
2026-02-22,La Liga,Villarreal,Valencia,6.0,2026-02-22,0.6997493524056693,1.0
2026-02-22,La Liga,Getafe,Sevilla,2.0,2026-02-22,0.8559076857012456,0.0
2026-02-22,La Liga,Barcelona,Levante,3.0,2026-02-22,0.6024912607559831,0.0
2026-02-23,La Liga,Alaves,Girona,4.0,2026-02-22,0.6607128275787405,1.0
2026-02-27,La Liga,Levante,Alaves,7.0,2026-02-22,0.7257745671568488,1.0
2026-02-28,La Liga,Oviedo,Ath Madrid,4.0,2026-02-22,0.3968180224912449,1.0
2026-02-28,La Liga,Mallorca,Sociedad,2.0,2026-02-22,0.6213975358442468,0.0
2026-02-28,La Liga,Vallecano,Ath Bilbao,5.0,2026-02-22,0.6755416483608794,1.0
2026-02-28,La Liga,Barcelona,Villarreal,3.0,2026-02-22,0.6300269689513963,0.0
2026-03-01,La Liga,Elche,Espanol,7.0,2026-02-22,0.6229862191027499,1.0
2026-03-01,La Liga,Valencia,Osasuna,6.0,2026-02-22,0.663057812093751,1.0
2026-03-01,La Liga,Betis,Sevilla,6.0,2026-02-22,0.7697663413686123,1.0
2026-03-01,La Liga,Girona,Celta,4.0,2026-02-22,0.5908827992301114,1.0
2026-03-02,La Liga,Real Madrid,Getafe,10.0,2026-02-22,0.7411129407906234,1.0
2026-03-04,La Liga,Vallecano,Oviedo,2.0,2026-02-22,0.5518811057935966,0.0
2026-03-06,La Liga,Celta,Real Madrid,3.0,2026-02-22,0.5568138824334167,0.0
2026-03-07,La Liga,Osasuna,Mallorca,7.0,2026-02-22,0.5998689916484806,1.0
2026-03-07,La Liga,Levante,Girona,4.0,2026-02-22,0.6267573332257897,1.0
2026-03-07,La Liga,Ath Madrid,Sociedad,2.0,2026-02-22,0.5838987916147023,0.0
2026-03-07,La Liga,Ath Bilbao,Barcelona,3.0,2026-02-22,0.5304301093623225,0.0
2026-03-08,La Liga,Valencia,Alaves,7.0,2026-02-22,0.7157551269873955,1.0
2026-03-08,La Liga,Sevilla,Vallecano,4.0,2026-02-22,0.7994334915455914,1.0
2026-03-08,La Liga,Villarreal,Elche,3.0,2026-02-22,0.6768523248924341,0.0
2026-03-08,La Liga,Getafe,Betis,5.0,2026-02-22,0.7968401413166031,1.0
2026-03-09,La Liga,Espanol,Oviedo,5.0,2026-02-22,0.48402788548273246,1.0
2026-03-13,La Liga,Alaves,Villarreal,5.0,2026-02-22,0.7459422368471771,1.0
2026-03-14,La Liga,Girona,Ath Bilbao,2.0,2026-02-22,0.5610217758154029,0.0
2026-03-14,La Liga,Ath Madrid,Getafe,6.0,2026-02-22,0.7083394583084065,1.0
2026-03-14,La Liga,Oviedo,Valencia,5.0,2026-02-22,0.5005442069850855,1.0
2026-03-14,La Liga,Real Madrid,Elche,4.0,2026-02-22,0.5759345915493391,1.0
2026-03-15,La Liga,Betis,Celta,5.0,2026-02-22,0.6484816679616487,1.0
2026-03-15,La Liga,Mallorca,Espanol,6.0,2026-02-22,0.5849177346322316,1.0
2026-03-15,La Liga,Barcelona,Sevilla,1.0,2026-02-22,0.6930674550694029,0.0
2026-03-15,La Liga,Sociedad,Osasuna,3.0,2026-02-22,0.6742466128893208,0.0
2026-03-16,La Liga,Vallecano,Levante,8.0,2026-02-22,0.7357718307779093,1.0
2026-03-20,La Liga,Villarreal,Sociedad,2.0,2026-02-22,0.7117881476230057,0.0
2026-03-21,La Liga,Elche,Mallorca,4.0,2026-02-22,0.5861292123920402,1.0
2026-03-21,La Liga,Espanol,Getafe,9.0,2026-02-22,0.77727546061224,1.0
2026-03-21,La Liga,Levante,Oviedo,5.0,2026-02-22,0.5189001259461873,1.0
2026-03-21,La Liga,Osasuna,Girona,3.0,2026-02-22,0.6024579487343231,0.0
2026-03-21,La Liga,Sevilla,Valencia,3.0,2026-02-22,0.7538667683498089,0.0
2026-03-22,La Liga,Barcelona,Vallecano,7.0,2026-02-22,0.6599662562037332,1.0
2026-03-22,La Liga,Celta,Alaves,4.0,2026-02-22,0.697151816459465,1.0
2026-03-22,La Liga,Ath Bilbao,Betis,2.0,2026-02-22,0.6191158985196953,0.0
2026-03-22,La Liga,Real Madrid,Ath Madrid,5.0,2026-02-22,0.5013290703062648,1.0
2026-04-03,La Liga,Vallecano,Elche,4.0,2026-04-03,0.7111359813687275,1.0
2026-04-04,La Liga,Ath Madrid,Barcelona,8.0,2026-04-03,0.4756587537611093,1.0
2026-04-04,La Liga,Betis,Espanol,4.0,2026-04-03,0.6836007340441538,1.0
2026-04-04,La Liga,Sociedad,Levante,5.0,2026-04-03,0.6923442206262774,1.0
2026-04-04,La Liga,Mallorca,Real Madrid,5.0,2026-04-03,0.5628308243648992,1.0
2026-04-05,La Liga,Getafe,Ath Bilbao,4.0,2026-04-03,0.7429781648148608,1.0
2026-04-05,La Liga,Valencia,Celta,4.0,2026-04-03,0.6528864208507101,1.0
2026-04-05,La Liga,Oviedo,Sevilla,8.0,2026-04-03,0.5675454054339556,1.0
2026-04-05,La Liga,Alaves,Osasuna,7.0,2026-04-03,0.7134002162144046,1.0
2026-04-06,La Liga,Girona,Villarreal,4.0,2026-04-03,0.6193412979338029,1.0
2026-04-10,La Liga,Real Madrid,Girona,3.0,2026-04-03,0.5404142594195389,0.0
2026-04-11,La Liga,Sociedad,Alaves,6.0,2026-04-03,0.7115022205654095,1.0
2026-04-11,La Liga,Elche,Valencia,2.0,2026-04-03,0.6554662646294049,0.0
2026-04-11,La Liga,Barcelona,Espanol,9.0,2026-04-03,0.5888308968326316,1.0
2026-04-11,La Liga,Sevilla,Ath Madrid,8.0,2026-04-03,0.6335918751589729,1.0
2026-04-12,La Liga,Ath Bilbao,Villarreal,5.0,2026-04-03,0.6234887450847529,1.0
2026-04-12,La Liga,Mallorca,Vallecano,5.0,2026-04-03,0.6818142859648603,1.0
2026-04-12,La Liga,Osasuna,Betis,7.0,2026-04-03,0.6593927279798006,1.0
2026-04-12,La Liga,Celta,Oviedo,3.0,2026-04-03,0.5241388985033065,0.0
2026-04-13,La Liga,Levante,Getafe,9.0,2026-04-03,0.8375249745939658,1.0
2026-04-21,La Liga,Ath Bilbao,Osasuna,5.0,2026-04-03,0.5968421879314763,1.0
2026-04-21,La Liga,Mallorca,Valencia,2.0,2026-04-03,0.631537744027145,0.0
2026-04-21,La Liga,Girona,Betis,4.0,2026-04-03,0.5949450973868113,1.0
2026-04-21,La Liga,Real Madrid,Alaves,2.0,2026-04-03,0.6736241980348727,0.0
2026-04-22,La Liga,Elche,Ath Madrid,4.0,2026-04-03,0.5553457011041553,1.0
2026-04-22,La Liga,Sociedad,Getafe,9.0,2026-04-03,0.7970421945459233,1.0
2026-04-22,La Liga,Barcelona,Celta,2.0,2026-04-03,0.5462846608732109,0.0
2026-04-23,La Liga,Levante,Sevilla,7.0,2026-04-03,0.7693392896342782,1.0
2026-04-23,La Liga,Vallecano,Espanol,6.0,2026-04-03,0.7392252149854333,1.0
2026-04-23,La Liga,Oviedo,Villarreal,2.0,2026-04-03,0.5325286702758426,0.0
2026-04-24,La Liga,Betis,Real Madrid,3.0,2026-04-03,0.5907066315399079,0.0
2026-04-25,La Liga,Alaves,Mallorca,3.0,2026-04-03,0.6763928265090182,0.0
2026-04-25,La Liga,Getafe,Barcelona,4.0,2026-04-03,0.7195069866808512,1.0
2026-04-25,La Liga,Valencia,Girona,4.0,2026-04-03,0.6103452412975755,1.0
2026-04-25,La Liga,Ath Madrid,Ath Bilbao,0.0,2026-04-03,0.5070472501582376,0.0
2026-04-26,La Liga,Vallecano,Sociedad,10.0,2026-04-03,0.7180125466964664,1.0
2026-04-26,La Liga,Oviedo,Elche,2.0,2026-04-03,0.49283418839077653,0.0
2026-04-26,La Liga,Osasuna,Sevilla,4.0,2026-04-03,0.7255149467741933,1.0
2026-04-26,La Liga,Villarreal,Celta,9.0,2026-04-03,0.6657265922765083,1.0
2026-04-27,La Liga,Espanol,Levante,6.0,2026-04-03,0.7141182086459168,1.0
2026-05-01,La Liga,Girona,Mallorca,6.0,2026-04-03,0.5570572307786964,1.0
2026-05-02,La Liga,Osasuna,Barcelona,4.0,2026-04-03,0.5623611685851511,1.0
2026-05-02,La Liga,Alaves,Ath Bilbao,8.0,2026-04-03,0.6561005147148776,1.0
2026-05-02,La Liga,Valencia,Ath Madrid,4.0,2026-04-03,0.5906044908761188,1.0
2026-05-02,La Liga,Villarreal,Levante,4.0,2026-04-03,0.7227049299407292,1.0
2026-05-03,La Liga,Celta,Elche,3.0,2026-05-03,0.6055240305287332,0.0
2026-05-03,La Liga,Getafe,Vallecano,8.0,2026-05-03,0.8594325023950771,1.0
2026-05-03,La Liga,Betis,Oviedo,0.0,2026-05-03,0.5385355762536972,0.0
2026-05-03,La Liga,Espanol,Real Madrid,7.0,2026-05-03,0.6156582592446618,1.0
2026-05-04,La Liga,Sevilla,Sociedad,4.0,2026-05-03,0.7539878048171822,1.0
2026-05-08,La Liga,Levante,Osasuna,2.0,2026-05-03,0.7321918896928699,0.0
2026-05-09,La Liga,Ath Madrid,Celta,3.0,2026-05-03,0.562300287649381,0.0
2026-05-09,La Liga,Sociedad,Betis,5.0,2026-05-03,0.6747595487690721,1.0
2026-05-09,La Liga,Sevilla,Espanol,10.0,2026-05-03,0.766525189803681,1.0
2026-05-09,La Liga,Elche,Alaves,9.0,2026-05-03,0.6765037264666582,1.0
2026-05-10,La Liga,Mallorca,Villarreal,2.0,2026-05-03,0.6372120614843886,0.0
2026-05-10,La Liga,Ath Bilbao,Valencia,5.0,2026-05-03,0.5867259115691007,1.0
2026-05-10,La Liga,Oviedo,Getafe,5.0,2026-05-03,0.6469143226217802,1.0
2026-05-10,La Liga,Barcelona,Real Madrid,6.0,2026-05-03,0.49376135067061533,1.0
2026-05-11,La Liga,Vallecano,Girona,2.0,2026-05-03,0.6727132250127126,0.0
2026-05-12,La Liga,Betis,Elche,6.0,2026-05-03,0.6244300553803784,1.0
2026-05-12,La Liga,Osasuna,Ath Madrid,11.0,2026-05-03,0.5891243288239727,1.0
2026-05-12,La Liga,Celta,Levante,2.0,2026-05-03,0.7051458860333065,0.0
2026-05-13,La Liga,Alaves,Barcelona,3.0,2026-05-03,0.6432977903611488,0.0
2026-05-13,La Liga,Getafe,Mallorca,7.0,2026-05-03,0.7586732465510534,1.0
2026-05-13,La Liga,Espanol,Ath Bilbao,0.0,2026-05-03,0.6270262484509002,0.0
2026-05-13,La Liga,Villarreal,Sevilla,3.0,2026-05-03,0.7671467513745875,0.0
2026-05-14,La Liga,Girona,Sociedad,9.0,2026-05-03,0.6085126599462866,1.0
2026-05-14,La Liga,Real Madrid,Oviedo,0.0,2026-05-03,0.4766990397224146,0.0
2026-05-14,La Liga,Valencia,Vallecano,2.0,2026-05-03,0.7422124875242401,0.0
2026-05-17,La Liga,Sociedad,Valencia,4.0,2026-05-03,0.6675907527317378,1.0
2026-05-17,La Liga,Sevilla,Real Madrid,4.0,2026-05-03,0.6731452179792002,1.0
2026-05-17,La Liga,Vallecano,Villarreal,3.0,2026-05-03,0.7600596412863916,0.0
2026-05-17,La Liga,Oviedo,Alaves,4.0,2026-05-03,0.5579661286388251,1.0
2026-05-17,La Liga,Barcelona,Betis,1.0,2026-05-03,0.579810137195646,0.0
2026-05-17,La Liga,Levante,Mallorca,2.0,2026-05-03,0.686852240668328,0.0
2026-05-17,La Liga,Elche,Getafe,4.0,2026-05-03,0.7680104723774148,1.0
2026-05-17,La Liga,Ath Madrid,Girona,2.0,2026-05-03,0.509372186049559,0.0
2026-05-17,La Liga,Ath Bilbao,Celta,4.0,2026-05-03,0.5774866264567327,1.0
2026-05-17,La Liga,Osasuna,Espanol,3.0,2026-05-03,0.6998191830132106,0.0
2026-05-23,La Liga,Mallorca,Oviedo,3.0,2026-05-03,0.45640518198852,0.0
2026-05-23,La Liga,Girona,Elche,8.0,2026-05-03,0.5486312352623697,1.0
2026-05-23,La Liga,Real Madrid,Ath Bilbao,2.0,2026-05-03,0.5281733522456366,0.0
2026-05-23,La Liga,Getafe,Osasuna,3.0,2026-05-03,0.8063452099165863,0.0
2026-05-23,La Liga,Valencia,Barcelona,4.0,2026-05-03,0.5692802284016747,1.0
2026-05-23,La Liga,Celta,Sevilla,2.0,2026-05-03,0.7380907322421095,0.0
2026-05-23,La Liga,Betis,Levante,3.0,2026-05-03,0.7214997565976313,0.0
2026-05-23,La Liga,Alaves,Vallecano,6.0,2026-05-03,0.7917797070289444,1.0
2026-05-23,La Liga,Espanol,Sociedad,4.0,2026-05-03,0.7059684393449716,1.0
2026-05-24,La Liga,Villarreal,Ath Madrid,1.0,2026-05-03,0.6079475262326083,0.0
