Date,liga,HomeTeam,AwayTeam,selecao,prob_modelo,odd_prejogo,odd_fechamento,ev,clv,ganhou,retorno_papel
2023-05-25,Premier League,Man United,Chelsea,fora,0.3115456731490513,5.19,6.53,0.6169220436435763,-0.22541645921386533,False,-1.0
2023-05-28,Premier League,Arsenal,Wolves,empate,0.2047005550099468,5.51,6.28,0.12790005810480687,-0.15865454776335908,False,-1.0
2023-05-28,Premier League,Aston Villa,Brighton,fora,0.3299109949561015,3.35,3.95,0.10520183310294007,-0.17722354361063242,False,-1.0
2023-05-28,Premier League,Brentford,Man City,fora,0.6331874651424494,1.84,2.25,0.16506493586210702,-0.18765343262352008,False,-1.0
2023-05-28,Premier League,Chelsea,Newcastle,casa,0.4413220269332739,2.89,2.76,0.27542065783716163,0.019250677547130612,False,-1.0
2023-05-28,Premier League,Crystal Palace,Nott'm Forest,fora,0.2266689942650585,4.8,5.75,0.08801117247228074,-0.18942164879973533,False,-1.0
2023-05-28,Premier League,Everton,Bournemouth,fora,0.2675119821657469,6.54,5.31,0.7495283633639847,0.19678061810257996,False,-1.0
2023-05-28,Premier League,Leeds,Tottenham,fora,0.5558164993624469,2.36,2.39,0.3117269384953747,-0.04011767950721723,True,1.3599999999999999
2023-05-28,Premier League,Leicester,West Ham,fora,0.3229020928531237,3.64,3.29,0.17536361798537037,0.07702167093884094,False,-1.0
2023-05-28,Premier League,Man United,Fulham,fora,0.2259402028022267,5.84,6.14,0.3194907843650039,-0.07698516003859512,False,-1.0
2023-08-12,Premier League,Newcastle,Aston Villa,fora,0.2759961213576296,4.77,5.29,0.31650149887589296,-0.11802773497688746,False,-1.0
2023-08-12,Premier League,Everton,Fulham,fora,0.3795820069664889,3.35,3.3,0.27159972333773785,-0.007327711761234923,True,2.35
2023-08-12,Premier League,Bournemouth,West Ham,fora,0.4589540646246954,2.71,2.63,0.24376551513292455,0.008590064096539507,False,-1.0
2023-08-12,Premier League,Arsenal,Nott'm Forest,fora,0.0978442763508206,15.67,16.0,0.5332198104173589,-0.04714869698518154,False,-1.0
2023-08-13,Premier League,Brentford,Tottenham,casa,0.4093291975014991,2.76,2.62,0.12974858510413734,0.031456708944756606,False,-1.0
2023-08-13,Premier League,Chelsea,Liverpool,fora,0.456885631352373,2.4,2.2,0.09652551524569519,0.06623498144583717,False,-1.0
2023-08-14,Premier League,Man United,Wolves,fora,0.1630773174679946,9.66,12.25,0.5753268867408277,-0.23273131579861717,False,-1.0
2023-08-19,Premier League,Wolves,Brighton,casa,0.290946486034199,4.12,4.11,0.19869952246089984,-0.024193527561814587,False,-1.0
2023-08-19,Premier League,Tottenham,Man United,casa,0.4535493892388287,2.85,3.07,0.29261575933066175,-0.09229103273522687,True,1.85
2023-08-19,Premier League,Man City,Newcastle,casa,0.7230227518277803,1.73,1.87,0.25082936066205996,-0.09655705105263979,True,0.73
2023-08-20,Premier League,West Ham,Chelsea,casa,0.3482505617981603,3.68,3.25,0.2815620674172299,0.10772338377141222,True,2.68
2023-08-21,Premier League,Crystal Palace,Arsenal,casa,0.2510317981661497,5.73,4.51,0.4384122034920377,0.2417627673956262,False,-1.0
2023-08-26,Premier League,Bournemouth,Tottenham,fora,0.5901259269961138,1.95,2.09,0.15074555764242192,-0.08860640496940864,True,0.95
2023-08-26,Premier League,Arsenal,Fulham,fora,0.1670837302423244,15.25,10.32,1.548026886195447,0.43317645301060814,False,-1.0
2023-08-26,Premier League,Brentford,Crystal Palace,casa,0.5122058017322673,2.17,2.16,0.11148658975901982,-0.017156145827821656,False,-1.0
2023-08-26,Premier League,Man United,Nott'm Forest,fora,0.1370273565540619,9.11,8.51,0.2483192182075038,0.038492973903068384,False,-1.0
2023-08-26,Premier League,Brighton,West Ham,fora,0.2645010372107208,5.81,6.25,0.5367510261942878,-0.09632364493322865,True,4.81
2023-08-27,Premier League,Sheffield United,Man City,empate,0.1510845598324852,7.73,7.4,0.16788364750511064,0.013216821409065771,False,-1.0
2023-08-27,Premier League,Newcastle,Liverpool,fora,0.4729774796628326,3.13,3.11,0.4804195113446661,-0.01564323965147052,True,2.13
2023-09-02,Premier League,Brighton,Newcastle,casa,0.4133346084224203,2.59,2.64,0.07053663581406866,-0.04126469382554665,True,1.5899999999999999
2023-09-02,Premier League,Man City,Fulham,fora,0.0722021166261544,18.11,16.0,0.3075803320996562,0.09512788662413163,False,-1.0
2023-09-02,Premier League,Chelsea,Nott'm Forest,fora,0.1515118299651113,8.62,8.45,0.30603197429925943,-0.006859186699090469,True,7.619999999999999
2023-09-02,Premier League,Brentford,Bournemouth,casa,0.6495080757468855,1.75,1.75,0.13663913255704974,-0.025878935537586578,False,-1.0
2023-09-03,Premier League,Crystal Palace,Wolves,fora,0.2507154419017719,4.25,4.54,0.06554062808253058,-0.08544945159752038,False,-1.0
2023-09-03,Premier League,Liverpool,Aston Villa,casa,0.6449105323548199,1.68,1.65,0.08344969435609739,-0.0011916240404342693,True,0.6799999999999999
2023-09-03,Premier League,Arsenal,Man United,fora,0.255907944936401,4.55,4.49,0.16438114946062465,-0.015190733301320036,False,-1.0
2023-09-16,Premier League,Aston Villa,Crystal Palace,fora,0.2575297367612378,4.1,4.08,0.05587192072107494,-0.018048780487805005,False,-1.0
2023-09-16,Premier League,Fulham,Luton,casa,0.8140370734013302,1.68,1.69,0.3675822833142348,-0.03445145499912594,True,0.6799999999999999
2023-09-16,Premier League,Man United,Brighton,casa,0.4765256345140736,2.25,2.07,0.07218267765666564,0.0627386601068376,False,-1.0
2023-09-16,Premier League,Newcastle,Brentford,fora,0.2997130884935921,6.3,5.43,0.88819245750963,0.13040117576615318,False,-1.0
2023-09-17,Premier League,Everton,Arsenal,casa,0.1864436608521607,6.3,6.0,0.1745950633686122,0.0212461768262322,False,-1.0
2023-09-18,Premier League,Nott'm Forest,Burnley,casa,0.4720409649163255,2.23,2.14,0.05265135176340596,0.018435784329281724,False,-1.0
2023-09-23,Premier League,Crystal Palace,Fulham,fora,0.3072905607700702,4.11,3.97,0.2629642047649887,0.011924549444392474,False,-1.0
2023-09-23,Premier League,Luton,Wolves,fora,0.6018607989217544,2.31,2.41,0.39029844550925263,-0.062063301506804724,False,-1.0
2023-09-23,Premier League,Brentford,Everton,casa,0.6077307160117663,1.81,1.95,0.09999259598129706,-0.09299995160587815,False,-1.0
2023-09-23,Premier League,Burnley,Man United,empate,0.2440685113289719,4.31,4.0,0.05193528382786883,0.04822356763142355,False,-1.0
2023-09-24,Premier League,Arsenal,Tottenham,fora,0.2709203976968651,4.69,5.11,0.2706166651982975,-0.1085309082893573,False,-1.0
2023-09-24,Premier League,Brighton,Bournemouth,fora,0.1530856767555968,7.9,5.9,0.20937684636921494,0.30176113634083235,False,-1.0
2023-09-24,Premier League,Chelsea,Aston Villa,fora,0.2800104520633915,3.93,4.1,0.1004410766091286,-0.06201978995430868,True,2.93
2023-09-24,Premier League,Sheffield United,Newcastle,casa,0.1927564027620761,7.05,6.05,0.35893263947263643,0.1313242282358913,False,-1.0
2023-09-30,Premier League,West Ham,Sheffield United,fora,0.1581966691145676,7.44,7.0,0.17698321821238294,0.034611135521938285,False,-1.0
2023-09-30,Premier League,Newcastle,Burnley,fora,0.1457030625454935,9.15,8.53,0.33318302229126573,0.038707813839290006,False,-1.0
2023-09-30,Premier League,Everton,Luton,casa,0.7226827334346795,1.62,1.67,0.17074602816418083,-0.05699852662597349,False,-1.0
2023-09-30,Premier League,Aston Villa,Brighton,casa,0.4191275267095901,2.58,2.49,0.08134901891074242,0.01436778166084185,True,1.58
2023-09-30,Premier League,Man United,Crystal Palace,fora,0.2172934044252137,5.96,5.96,0.29506869037427363,-0.028682594307780307,True,4.96
2023-10-01,Premier League,Nott'm Forest,Brentford,fora,0.4784423440147007,2.69,2.99,0.28700990539954496,-0.11964757339037746,False,-1.0
2023-10-02,Premier League,Fulham,Chelsea,casa,0.3334736143396273,3.93,3.52,0.31055130435473544,0.0934339067044927,False,-1.0
2023-10-03,Premier League,Luton,Burnley,fora,0.570045916358915,2.65,2.69,0.5106216783511246,-0.03540540229841016,True,1.65
2023-10-07,Premier League,Luton,Tottenham,fora,0.8609652991946256,1.46,1.45,0.2570093368241533,-0.023273317732460996,True,0.45999999999999996
2023-10-07,Premier League,Burnley,Chelsea,casa,0.2356415403236097,4.58,5.2,0.07923825468213241,-0.14465497158589524,False,-1.0
2023-10-07,Premier League,Everton,Bournemouth,fora,0.2853880898815472,3.88,4.18,0.10730578874040297,-0.09168018688709778,False,-1.0
2023-10-07,Premier League,Fulham,Sheffield United,fora,0.1824794176878462,5.9,6.57,0.07662856435829268,-0.12762645914396897,False,-1.0
2023-10-07,Premier League,Man United,Brentford,fora,0.2937236239638193,4.87,5.41,0.4304340487038001,-0.1254284696512855,False,-1.0
2023-10-07,Premier League,Crystal Palace,Nott'm Forest,casa,0.495954351997641,2.26,2.34,0.12085683551466841,-0.055522388059701444,False,-1.0
2023-10-08,Premier League,Arsenal,Man City,fora,0.5272209922376662,2.46,2.56,0.29696364090465877,-0.05692766996878795,False,-1.0
2023-10-08,Premier League,Brighton,Liverpool,fora,0.5119773378632502,2.17,2.1,0.11099082316325282,0.011482848991960282,False,-1.0
2023-10-08,Premier League,West Ham,Newcastle,casa,0.3684508982696638,3.41,3.58,0.25641756309955377,-0.06740602901572401,False,-1.0
2023-10-21,Premier League,Liverpool,Everton,casa,0.7695422141547164,1.37,1.4,0.05427283339196154,-0.051072157930564854,True,0.3700000000000001
2023-10-21,Premier League,Bournemouth,Wolves,fora,0.3844925980017547,3.01,3.32,0.15732271998528158,-0.113863273048731,True,2.01
2023-10-21,Premier League,Brentford,Burnley,casa,0.6236854390494696,1.87,1.74,0.16629177102250825,0.04586094394482387,True,0.8700000000000001
2023-10-21,Premier League,Man City,Brighton,casa,0.7549955972537811,1.42,1.36,0.07209374810036917,0.0037276383748439113,True,0.41999999999999993
2023-10-21,Premier League,Newcastle,Crystal Palace,fora,0.2000768037380357,7.7,7.68,0.540591388782875,-0.025274122389265075,False,-1.0
2023-10-21,Premier League,Chelsea,Arsenal,casa,0.338437315154175,3.33,3.35,0.12699625946340287,-0.027468512141248014,False,-1.0
2023-10-21,Premier League,Sheffield United,Man United,empate,0.2009186227644705,5.24,5.6,0.052813583285825416,-0.09278517660683272,False,-1.0
2023-10-22,Premier League,Aston Villa,West Ham,fora,0.2702569586629553,4.01,4.54,0.08373040423845057,-0.1405300060762752,False,-1.0
2023-10-23,Premier League,Tottenham,Fulham,fora,0.1882797371808733,6.06,6.13,0.14097520731609214,-0.04289951040822815,False,-1.0
2023-10-27,Premier League,Crystal Palace,Tottenham,casa,0.2917301207809816,4.7,4.58,0.3711315676706135,-0.004236682648603107,False,-1.0
2023-10-28,Premier League,Bournemouth,Burnley,fora,0.3280643756179028,3.49,3.51,0.14494467090648078,-0.03311542532151668,False,-1.0
2023-10-28,Premier League,Chelsea,Brentford,fora,0.2769608567621864,5.32,5.6,0.4734317579748317,-0.0790518748785699,True,4.32
2023-10-29,Premier League,West Ham,Everton,casa,0.5464637707818328,2.18,2.08,0.1912910203043956,0.02024207186683258,False,-1.0
2023-10-29,Premier League,Brighton,Fulham,fora,0.2360302549624192,5.36,5.29,0.265122166598567,-0.01654025048429031,False,-1.0
2023-11-04,Premier League,Burnley,Crystal Palace,fora,0.4117253691568671,2.65,2.31,0.09107222826569772,0.11625143583624231,True,1.65
2023-11-04,Premier League,Everton,Brighton,fora,0.476896898530647,2.21,2.54,0.05394214575272982,-0.1531602746608608,False,-1.0
2023-11-04,Premier League,Newcastle,Arsenal,casa,0.3712248838804016,2.83,2.84,0.05056642138153644,-0.03067253722183161,True,1.83
2023-11-05,Premier League,Nott'm Forest,Aston Villa,casa,0.2724490217354139,4.17,3.93,0.13611242063667595,0.030423264585266452,True,3.17
2023-11-11,Premier League,Wolves,Tottenham,fora,0.5248515449230549,2.23,2.31,0.17041894517841238,-0.061503392997091844,False,-1.0
2023-11-11,Premier League,Arsenal,Burnley,fora,0.0856299329309854,14.74,16.59,0.262185211402725,-0.14083186464575237,False,-1.0
2023-11-11,Premier League,Crystal Palace,Everton,casa,0.4712945636525043,2.45,2.71,0.15467168094863548,-0.12001244555071544,False,-1.0
2023-11-11,Premier League,Bournemouth,Newcastle,fora,0.6083174278632513,1.76,1.97,0.07063867303932225,-0.13260514481989094,False,-1.0
2023-11-12,Premier League,Aston Villa,Fulham,fora,0.2295212452089428,5.67,5.4,0.3013854603347057,0.01753246483840165,False,-1.0
2023-11-12,Premier League,Liverpool,Brentford,fora,0.1616736322167573,7.17,7.48,0.15919994299414975,-0.06887819692664077,False,-1.0
2023-11-25,Premier League,Sheffield United,Bournemouth,casa,0.3342302384606677,3.36,3.57,0.12301360122784333,-0.08516109514445636,False,-1.0
2023-11-25,Premier League,Brentford,Arsenal,casa,0.3190957583098461,4.74,5.8,0.5125138943886707,-0.20299301755048116,False,-1.0
2023-11-25,Premier League,Newcastle,Chelsea,casa,0.458267742579551,2.65,2.6,0.21440951783581008,-0.00913219355823569,True,1.65
2023-11-26,Premier League,Tottenham,Aston Villa,casa,0.4995823802589526,2.36,2.7,0.1790144174111281,-0.14992981661761384,False,-1.0
2023-11-26,Premier League,Everton,Man United,fora,0.4543246755947309,2.6,2.75,0.18124415654630033,-0.07906602562874698,True,1.6
2023-11-27,Premier League,Fulham,Wolves,casa,0.4476238509442093,2.45,2.43,0.09667843481331295,-0.01926214079558275,True,1.4500000000000002
2023-12-02,Premier League,Arsenal,Wolves,fora,0.1207804051320893,10.82,13.0,0.3068439835292063,-0.19755980861244016,False,-1.0
2023-12-02,Premier League,Burnley,Sheffield United,fora,0.2402938176068659,4.65,5.19,0.11736625187192651,-0.13002209748291893,False,-1.0
2023-12-02,Premier League,Nott'm Forest,Everton,casa,0.4190038222853016,2.85,2.88,0.1941608935131096,-0.035490780406034705,False,-1.0
2023-12-02,Premier League,Newcastle,Man United,fora,0.2744764830183371,4.0,3.79,0.09790593207334841,0.026260596887280885,False,-1.0
2023-12-03,Premier League,West Ham,Crystal Palace,fora,0.2717349168341428,3.92,4.26,0.06520087398983976,-0.1062105553439876,False,-1.0
2023-12-03,Premier League,Man City,Tottenham,fora,0.1237220804233967,9.75,10.75,0.20629028412811778,-0.12589850437084305,False,-1.0
2023-12-03,Premier League,Liverpool,Fulham,empate,0.1623552052495531,6.76,7.04,0.09752118748697902,-0.07646264056752727,False,-1.0
2023-12-03,Premier League,Chelsea,Brighton,fora,0.2784734912295504,4.4,5.5,0.2252833614100218,-0.22445847258324036,False,-1.0
2023-12-03,Premier League,Bournemouth,Aston Villa,fora,0.5607754352769782,1.97,2.19,0.10472760749564691,-0.1252897384737507,False,-1.0
2023-12-05,Premier League,Luton,Arsenal,casa,0.1187238704054922,14.73,15.5,0.7488026110729002,-0.08250581707535343,False,-1.0
2023-12-06,Premier League,Brighton,Brentford,fora,0.3217747086267574,3.79,4.57,0.2195261456954105,-0.19553832487160328,False,-1.0
2023-12-06,Premier League,Crystal Palace,Bournemouth,casa,0.5452905308542965,2.3,2.36,0.2541682209648817,-0.05176014543924767,False,-1.0
2023-12-06,Premier League,Aston Villa,Man City,fora,0.6034270226792139,1.75,1.64,0.055997289688624274,0.029978018243795868,False,-1.0
2023-12-06,Premier League,Man United,Chelsea,casa,0.4124400476028228,2.88,2.86,0.18782733709612964,-0.0206873489213123,True,1.88
2023-12-07,Premier League,Everton,Newcastle,fora,0.5010984374560636,2.36,2.31,0.18259231239631002,-0.005827498017667909,False,-1.0
2023-12-07,Premier League,Tottenham,West Ham,casa,0.5850278891910698,1.8,1.67,0.05305020054392573,0.04629155320697742,False,-1.0
2023-12-09,Premier League,Wolves,Nott'm Forest,fora,0.2930838641554503,4.44,4.42,0.3012923568501995,-0.022985975924675106,False,-1.0
2023-12-09,Premier League,Aston Villa,Arsenal,casa,0.3336114695253148,3.43,3.65,0.14428734047182967,-0.08535361356806381,True,2.43
2023-12-09,Premier League,Sheffield United,Brentford,fora,0.6292056061753082,1.81,1.78,0.13886214717730794,-0.01263515374840396,False,-1.0
2023-12-09,Premier League,Crystal Palace,Liverpool,casa,0.1840304760637828,6.3,6.65,0.15939199920183178,-0.0800538525269262,False,-1.0
2023-12-09,Premier League,Man United,Bournemouth,casa,0.679873971546011,1.55,1.67,0.05380465589631722,-0.09995715672503847,False,-1.0
2023-12-10,Premier League,Everton,Chelsea,fora,0.4687600788443087,2.36,2.88,0.10627378607256843,-0.2038308886971527,False,-1.0
2023-12-10,Premier League,Fulham,West Ham,fora,0.3571577292337585,3.03,3.41,0.0821879195782882,-0.1353479634717082,False,-1.0
2023-12-10,Premier League,Luton,Man City,empate,0.1108179220179787,10.09,7.8,0.11815283316140501,0.2460375186415844,False,-1.0
2023-12-15,Premier League,Nott'm Forest,Tottenham,casa,0.2512833012531735,4.51,5.14,0.1332876886518124,-0.14684389024750744,False,-1.0
2023-12-16,Premier League,Man City,Crystal Palace,fora,0.0697746728385645,15.35,20.24,0.07104122807196522,-0.2625758536752605,False,-1.0
2023-12-16,Premier League,Newcastle,Fulham,casa,0.5968417825520915,1.87,1.92,0.11609413337241126,-0.052228761123809475,True,0.8700000000000001
2023-12-16,Premier League,Burnley,Everton,casa,0.3275136712946579,3.66,3.28,0.19870003693844795,0.08602281670871537,False,-1.0
2023-12-17,Premier League,Liverpool,Man United,fora,0.1714954967753524,8.37,8.5,0.43541730800969947,-0.04717671325138917,False,-1.0
2023-12-17,Premier League,West Ham,Wolves,casa,0.512710670310735,2.12,1.9,0.08694662105875839,0.08255173747662958,True,1.12
2023-12-17,Premier League,Arsenal,Brighton,fora,0.1975196448398613,6.67,6.82,0.31745603108187503,-0.05215247045399607,False,-1.0
2023-12-17,Premier League,Brentford,Aston Villa,casa,0.4310611689771075,3.24,3.18,0.39663818748582846,-0.008122609960559801,False,-1.0
2023-12-21,Premier League,Crystal Palace,Brighton,casa,0.3412399864102673,3.4,3.23,0.16021595379490883,0.025455475292462948,False,-1.0
2023-12-23,Premier League,Nott'm Forest,Bournemouth,casa,0.5118274260424956,2.74,2.94,0.4024071473564381,-0.09236677868458953,False,-1.0
2023-12-23,Premier League,Tottenham,Everton,casa,0.6520498968730339,1.8,1.7,0.17368981437146114,0.026569176716361387,True,0.8
2023-12-23,Premier League,Liverpool,Arsenal,casa,0.5236539519949365,2.47,2.52,0.29342526142749326,-0.0457884737175428,False,-1.0
2023-12-26,Premier League,Newcastle,Nott'm Forest,casa,0.6967242017627773,1.51,1.4,0.052053544661793794,0.04521115075085036,False,-1.0
2023-12-26,Premier League,Bournemouth,Fulham,fora,0.4038619985878892,3.2,3.97,0.2923583954812454,-0.21677224499401826,False,-1.0
2023-12-26,Premier League,Sheffield United,Luton,fora,0.4800916294811117,3.07,3.15,0.473881302507013,-0.05186473275102166,True,2.07
2023-12-26,Premier League,Man United,Aston Villa,casa,0.418531806172669,2.68,2.35,0.12166524054275296,0.11114207793453912,True,1.6800000000000002
2023-12-27,Premier League,Chelsea,Crystal Palace,fora,0.2143595487032776,5.06,4.72,0.08465931643858471,0.04049842881314958,False,-1.0
2023-12-27,Premier League,Brentford,Wolves,casa,0.5500994944323158,1.94,2.25,0.06719301919869247,-0.16162700474174618,False,-1.0
2023-12-27,Premier League,Everton,Man City,fora,0.6835416360229999,1.57,1.68,0.07316036855610997,-0.09176544459339875,True,0.5700000000000001
2023-12-28,Premier League,Arsenal,West Ham,fora,0.1600198847055296,8.28,10.81,0.32496464536178515,-0.25772437378685653,True,7.279999999999999
2023-12-30,Premier League,Luton,Chelsea,casa,0.2666075143281715,6.05,5.55,0.6129754616854375,0.057843962758919565,False,-1.0
2023-12-30,Premier League,Aston Villa,Burnley,fora,0.1378151295724446,8.1,7.94,0.1163025495368013,-0.0036065606152387852,False,-1.0
2023-12-30,Premier League,Crystal Palace,Brentford,fora,0.3836725338835289,3.58,3.89,0.37354767130303346,-0.10475487563268515,False,-1.0
2023-12-30,Premier League,Wolves,Everton,casa,0.4002487715176901,2.67,2.97,0.06866421995223249,-0.12590780809031055,True,1.67
2023-12-30,Premier League,Nott'm Forest,Man United,fora,0.5059539865183187,2.15,2.21,0.08780107101438506,-0.053488405897166635,False,-1.0
2023-12-31,Premier League,Fulham,Arsenal,casa,0.252952788530271,5.94,5.78,0.5025395638698098,-0.0033106125714961188,True,4.94
2023-12-31,Premier League,Tottenham,Bournemouth,casa,0.7123153551199084,1.77,1.79,0.26079817856223797,-0.041487282434982786,True,0.77
2024-01-01,Premier League,Liverpool,Newcastle,fora,0.1925532804830399,6.69,7.75,0.2881814464315371,-0.1611907039020658,False,-1.0
2024-01-12,Premier League,Burnley,Luton,fora,0.3325012613510855,3.8,3.6,0.2635047931341248,0.03013409975416237,False,-1.0
2024-01-13,Premier League,Newcastle,Man City,casa,0.2480596504239198,5.63,5.1,0.39657583188666856,0.07158650558468205,False,-1.0
2024-01-13,Premier League,Chelsea,Fulham,fora,0.2409724886801322,5.13,5.3,0.23618886692907815,-0.058847034532050424,False,-1.0
2024-01-14,Premier League,Everton,Aston Villa,fora,0.4427271829543803,2.49,2.79,0.10239068555640696,-0.13148750184715763,False,-1.0
2024-01-14,Premier League,Man United,Tottenham,fora,0.3601031121253173,3.01,3.59,0.08391036749720504,-0.1858384416936878,False,-1.0
2024-01-20,Premier League,Arsenal,Crystal Palace,fora,0.1345187416620966,10.86,12.65,0.46087353445036894,-0.16574102396396306,False,-1.0
2024-01-20,Premier League,Brentford,Nott'm Forest,casa,0.629165852045086,1.85,1.78,0.16395682628340924,0.010265241535095004,True,0.8500000000000001
2024-01-21,Premier League,Sheffield United,West Ham,fora,0.6112731637928551,2.2,2.67,0.3448009603442814,-0.19819913660405308,False,-1.0
2024-01-21,Premier League,Bournemouth,Liverpool,fora,0.6825642554138593,1.72,1.71,0.17401051931183797,-0.02508390909682734,True,0.72
2024-01-30,Premier League,Aston Villa,Newcastle,fora,0.3139656506607907,4.02,4.06,0.26214191565637845,-0.03779266492562716,True,3.0199999999999996
2024-01-30,Premier League,Nott'm Forest,Arsenal,casa,0.17946921433461,7.77,9.02,0.3944757953799196,-0.16371542677486517,False,-1.0
2024-01-30,Premier League,Fulham,Everton,casa,0.481234365582253,2.46,2.23,0.18383653933234245,0.07208482687160656,False,-1.0
2024-01-30,Premier League,Luton,Brighton,casa,0.2925406664760374,4.43,4.29,0.2959551524888455,0.002387114767814724,True,3.4299999999999997
2024-01-31,Premier League,Tottenham,Brentford,fora,0.2270083671321205,4.7,5.18,0.06693932552096649,-0.11877684037401381,False,-1.0
2024-01-31,Premier League,Man City,Burnley,empate,0.0929456934294282,12.41,11.5,0.15345605545920393,0.04634257500949501,False,-1.0
2024-02-01,Premier League,West Ham,Bournemouth,casa,0.5830178425568497,2.45,2.51,0.42839371426428197,-0.04948558773450007,False,-1.0
2024-02-01,Premier League,Wolves,Man United,fora,0.4002954322831233,2.64,2.46,0.056779941227445674,0.044197061995837394,True,1.6400000000000001
2024-02-03,Premier League,Everton,Tottenham,fora,0.4932661125177569,2.34,2.28,0.1542427032915512,-0.002178806290732971,False,-1.0
2024-02-03,Premier League,Brighton,Crystal Palace,fora,0.2167842639306661,4.85,5.23,0.05140368006373053,-0.09765042434556737,False,-1.0
2024-02-03,Premier League,Newcastle,Luton,fora,0.1495965814184822,7.23,5.92,0.08158328365562628,0.18400057137415482,False,-1.0
2024-02-03,Premier League,Sheffield United,Aston Villa,fora,0.652217943827015,1.65,1.64,0.07615960731457472,-0.02247559939223842,True,0.6499999999999999
2024-02-04,Premier League,Bournemouth,Nott'm Forest,fora,0.3047750135618419,4.68,5.01,0.42634706346942,-0.09381798769501803,False,-1.0
2024-02-04,Premier League,Chelsea,Wolves,fora,0.2080333698763165,5.27,6.02,0.09633585924818777,-0.15127403238047044,True,4.27
2024-02-04,Premier League,Man United,West Ham,fora,0.2651019765119553,5.05,5.9,0.33876498138537414,-0.16769048046513557,False,-1.0
2024-02-04,Premier League,Arsenal,Liverpool,fora,0.383253327883802,3.15,3.26,0.20724798283397639,-0.06002459579701236,False,-1.0
2024-02-05,Premier League,Brentford,Man City,casa,0.1778202760692622,7.44,7.8,0.3229828539553108,-0.07645961500297671,False,-1.0
2024-02-10,Premier League,Nott'm Forest,Newcastle,fora,0.5111526754103892,2.14,2.16,0.09386672537823304,-0.03626318878756207,True,1.1400000000000001
2024-02-10,Premier League,Wolves,Brentford,fora,0.3636518752491564,3.42,3.28,0.2436894133521148,0.01438902135638509,True,2.42
2024-02-10,Premier League,Fulham,Bournemouth,casa,0.5389446555067492,2.46,2.64,0.32580385254660293,-0.0925213087709651,True,1.46
2024-02-10,Premier League,Liverpool,Burnley,empate,0.1211903017173685,8.71,9.27,0.05556752795827968,-0.09204029636195565,False,-1.0
2024-02-10,Premier League,Luton,Sheffield United,casa,0.6254571968609361,1.79,1.72,0.11956838238107581,0.010462776659959871,False,-1.0
2024-02-11,Premier League,West Ham,Arsenal,casa,0.2797764532476098,5.95,6.25,0.6646698968232783,-0.0741986670898126,False,-1.0
2024-02-12,Premier League,Crystal Palace,Chelsea,casa,0.3132409356057017,4.25,5.04,0.3312739763242323,-0.18165213292481752,False,-1.0
2024-02-17,Premier League,Nott'm Forest,West Ham,fora,0.4324063102019693,2.92,3.24,0.2626264257897504,-0.12314982330584767,False,-1.0
2024-02-17,Premier League,Newcastle,Bournemouth,casa,0.6617589524165725,1.87,2.0,0.2374892410189906,-0.09093771185291644,False,-1.0
2024-02-17,Premier League,Burnley,Arsenal,casa,0.1556840983787956,9.78,10.32,0.5225904821446208,-0.08575645756457573,False,-1.0
2024-02-17,Premier League,Brentford,Liverpool,casa,0.2195831047134847,5.27,4.85,0.15720296184006433,0.051565754109209605,False,-1.0
2024-02-17,Premier League,Man City,Chelsea,fora,0.1254546140566121,8.37,8.75,0.05005511965384324,-0.07053154119331861,False,-1.0
2024-02-18,Premier League,Luton,Man United,casa,0.282690907120559,4.17,4.32,0.178821082692731,-0.06436917543190379,False,-1.0
2024-02-19,Premier League,Everton,Crystal Palace,fora,0.3104608111203613,5.26,5.06,0.6330238664931003,0.008651380085810567,False,-1.0
2024-02-20,Premier League,Man City,Brentford,fora,0.0944407970958126,15.04,15.0,0.42038958832102136,-0.028208464858597182,False,-1.0
2024-02-24,Premier League,Man United,Fulham,fora,0.2353708451509559,5.21,5.24,0.22628210323648035,-0.03622116250059226,True,4.21
2024-02-24,Premier League,Bournemouth,Man City,fora,0.7535917175818032,1.42,1.45,0.07010023896616047,-0.049315721710934124,True,0.41999999999999993
2024-02-24,Premier League,Arsenal,Newcastle,fora,0.2207708007967432,7.33,8.2,0.6182499698401276,-0.13310849641571632,False,-1.0
2024-02-26,Premier League,West Ham,Brentford,casa,0.4486055434457121,2.57,2.33,0.15291624665547987,0.07350946090681898,True,1.5699999999999998
2024-03-02,Premier League,Luton,Aston Villa,casa,0.2736418870194055,4.34,4.55,0.1876057896642198,-0.07414947016174,False,-1.0
2024-03-02,Premier League,Tottenham,Crystal Palace,fora,0.1821896294525232,6.26,6.11,0.14050708037279525,-0.005685278277286487,False,-1.0
2024-03-02,Premier League,Nott'm Forest,Liverpool,fora,0.6946641053621018,1.54,1.6,0.06978272225763682,-0.06695833985165545,True,0.54
2024-03-02,Premier League,Everton,West Ham,fora,0.3560794760934946,3.62,3.49,0.2890077034584506,0.008740932586417616,True,2.62
2024-03-02,Premier League,Brentford,Chelsea,casa,0.3786288973724163,3.04,3.28,0.15103184801214553,-0.09736424261670373,False,-1.0
2024-03-02,Premier League,Newcastle,Wolves,casa,0.5580016792092419,1.89,1.73,0.05462317370546721,0.06064482883006672,True,0.8899999999999999
2024-03-03,Premier League,Burnley,Bournemouth,casa,0.3595328053267935,3.79,3.8,0.3626293321885474,-0.030578406169665673,False,-1.0
2024-03-03,Premier League,Man City,Man United,fora,0.1321273660923698,10.06,10.75,0.3292013028892402,-0.09876096249172173,False,-1.0
2024-03-09,Premier League,Bournemouth,Sheffield United,fora,0.1637101725067457,8.52,8.51,0.39481066975747314,-0.034070744605457226,False,-1.0
2024-03-09,Premier League,Crystal Palace,Luton,fora,0.293051154189804,4.58,4.12,0.34217428618930223,0.0797868115790572,False,-1.0
2024-03-09,Premier League,Arsenal,Brentford,fora,0.1411969825458116,11.44,13.0,0.6152934803240846,-0.1455717900579544,False,-1.0
2024-03-10,Premier League,Liverpool,Man City,casa,0.3849325571915795,3.02,3.48,0.16249632271857006,-0.15680804036865592,False,-1.0
2024-03-10,Premier League,Brighton,Nott'm Forest,casa,0.6094627140289416,1.81,1.63,0.10312751239238427,0.07812179193429891,True,0.81
2024-03-10,Premier League,Aston Villa,Tottenham,casa,0.4378856773025629,2.47,2.55,0.0815776229373304,-0.056988577207960134,False,-1.0
2024-03-11,Premier League,Chelsea,Newcastle,fora,0.3302209882992735,3.59,3.91,0.18549334799439188,-0.10712200280107675,False,-1.0
2024-03-13,Premier League,Bournemouth,Luton,fora,0.3393060690836538,6.18,5.69,1.0969115069369804,0.05056419344943919,False,-1.0
2024-03-16,Premier League,Burnley,Brentford,fora,0.4892675904483694,2.2,2.28,0.07638869898641287,-0.06048698646769224,False,-1.0
2024-03-16,Premier League,Luton,Nott'm Forest,casa,0.4731374482010881,2.83,2.67,0.3389789784090793,0.03144162436548226,False,-1.0
2024-03-16,Premier League,Fulham,Tottenham,casa,0.3267841348570007,3.42,3.45,0.11760174121094247,-0.03537707455499173,True,2.42
2024-03-17,Premier League,West Ham,Aston Villa,fora,0.4209976273457931,2.52,2.83,0.060914020911398525,-0.13344491081191778,False,-1.0
2024-03-30,Premier League,Brentford,Man United,casa,0.3682948291387763,3.09,3.39,0.13803102203881878,-0.11222367263933186,False,-1.0
2024-03-30,Premier League,Tottenham,Luton,fora,0.1495369407122786,11.57,12.64,0.7301424040410636,-0.11894635802955233,False,-1.0
2024-03-30,Premier League,Chelsea,Burnley,fora,0.1382023583042792,9.34,11.18,0.29081002656196775,-0.19639867381571485,False,-1.0
2024-03-30,Premier League,Bournemouth,Everton,fora,0.3386025743599486,3.27,3.24,0.10723041815703205,-0.024622667739811255,False,-1.0
2024-03-30,Premier League,Nott'm Forest,Crystal Palace,fora,0.3483044144102517,3.34,3.43,0.16333674413024046,-0.05469949499620819,False,-1.0
2024-03-31,Premier League,Liverpool,Brighton,fora,0.1485068187993087,7.57,9.25,0.12419661831076678,-0.20915646684213418,False,-1.0
2024-04-02,Premier League,Newcastle,Everton,casa,0.5999287595344462,2.03,2.03,0.2178553818549258,-0.025320522013480673,False,-1.0
2024-04-02,Premier League,Nott'm Forest,Fulham,fora,0.414493635580555,2.61,2.66,0.08182838886524846,-0.04576340853667915,False,-1.0
2024-04-02,Premier League,Bournemouth,Crystal Palace,fora,0.33148667201209,3.69,4.14,0.22318581972461193,-0.13273268694076013,False,-1.0
2024-04-02,Premier League,Burnley,Wolves,fora,0.4020570976104378,2.83,3.08,0.13782158623753893,-0.10870106761565834,False,-1.0
2024-04-02,Premier League,West Ham,Tottenham,casa,0.3266420273097757,3.38,3.47,0.10405005230704178,-0.05010087883599801,False,-1.0
2024-04-03,Premier League,Arsenal,Luton,fora,0.0729203277176464,20.95,19.5,0.5276808656846919,0.041574481458202195,False,-1.0
2024-04-03,Premier League,Man City,Aston Villa,empate,0.1807458961920699,6.32,7.5,0.1423140639338818,-0.184926575082899,False,-1.0
2024-04-04,Premier League,Chelsea,Man United,fora,0.3246724697480734,3.42,3.98,0.11037984653841093,-0.1636725814707387,False,-1.0
2024-04-06,Premier League,Brighton,Arsenal,casa,0.2479086088812713,5.25,6.55,0.3015201966266743,-0.22356360384529406,False,-1.0
2024-04-06,Premier League,Luton,Bournemouth,casa,0.4586667344755939,3.65,3.82,0.6741335808359177,-0.07081137078856659,True,2.65
2024-04-06,Premier League,Aston Villa,Brentford,fora,0.2482994852873128,4.62,5.31,0.14714362202738518,-0.1563917582547263,False,-1.0
2024-04-06,Premier League,Everton,Burnley,fora,0.242976973287111,4.99,4.79,0.21245509670268392,0.009400229868880894,False,-1.0
2024-04-06,Premier League,Fulham,Newcastle,fora,0.3967387185037269,2.86,2.83,0.1346727349206589,-0.01738940831049507,True,1.8599999999999999
2024-04-06,Premier League,Crystal Palace,Man City,casa,0.1227598248996054,10.64,8.8,0.30616453693180157,0.17332871941082195,False,-1.0
2024-04-07,Premier League,Man United,Liverpool,casa,0.2551980179559264,4.75,5.0,0.21219058529065027,-0.07873031742064474,False,-1.0
2024-04-07,Premier League,Tottenham,Nott'm Forest,fora,0.1470219169791362,7.33,6.9,0.0776706514570682,0.030406062133266243,False,-1.0
2024-04-13,Premier League,Newcastle,Tottenham,casa,0.4343663697698717,2.8,2.65,0.21622583535564077,0.03134939322586483,True,1.7999999999999998
2024-04-13,Premier League,Burnley,Brighton,fora,0.5176184672583939,2.05,1.88,0.06111785787970736,0.05855304889378665,False,-1.0
2024-04-13,Premier League,Man City,Luton,empate,0.0872269966470484,13.24,13.5,0.15488543560692092,-0.05558299039780523,False,-1.0
2024-04-13,Premier League,Nott'm Forest,Wolves,fora,0.3498874280978913,3.5,3.81,0.22460599834261963,-0.10781792802342549,False,-1.0
2024-04-13,Premier League,Bournemouth,Man United,fora,0.4773163225523147,2.79,2.74,0.33171253992095795,-0.010481514327668195,False,-1.0
2024-04-14,Premier League,Arsenal,Aston Villa,fora,0.1757911554411654,9.5,11.5,0.6700159766910712,-0.2028228924980665,True,8.5
2024-04-14,Premier League,Liverpool,Crystal Palace,fora,0.0914017771684439,14.15,14.5,0.2933351469334813,-0.05629031185584166,True,13.15
2024-04-20,Premier League,Luton,Brentford,casa,0.3555610522476354,3.28,2.92,0.16624025137224407,0.0925037180926942,False,-1.0
2024-04-20,Premier League,Sheffield United,Burnley,fora,0.4273277053539507,2.52,2.7,0.07686581749195587,-0.0920885158336513,True,1.52
2024-04-20,Premier League,Wolves,Arsenal,casa,0.175794487485543,8.02,11.75,0.4098717896340547,-0.33750216050302473,False,-1.0
2024-04-21,Premier League,Everton,Nott'm Forest,fora,0.2909128131662558,3.78,3.36,0.09965043376844673,0.09435821298420843,False,-1.0
2024-04-21,Premier League,Aston Villa,Bournemouth,casa,0.6197715510955324,1.87,1.87,0.1589728005486457,-0.02553803511708297,True,0.8700000000000001
2024-04-21,Premier League,Crystal Palace,West Ham,fora,0.3598619753031016,3.45,3.36,0.24152381479570062,-0.0009282189535909646,False,-1.0
2024-04-23,Premier League,Arsenal,Chelsea,fora,0.166407276200918,6.76,7.65,0.12491318711820565,-0.14092492921460098,False,-1.0
2024-04-24,Premier League,Everton,Liverpool,casa,0.1446682583351508,7.49,7.65,0.08356525493027944,-0.05120121770749653,True,6.49
2024-04-24,Premier League,Wolves,Bournemouth,casa,0.4636257996194904,2.74,2.81,0.2703346909574038,-0.051794045872355476,False,-1.0
2024-04-24,Premier League,Crystal Palace,Newcastle,fora,0.4590373488455709,2.49,2.31,0.14300299862547172,0.04904426191347144,False,-1.0
2024-04-25,Premier League,Brighton,Man City,casa,0.1850939394548226,6.84,7.9,0.2660425458709865,-0.16168774551336373,False,-1.0
2024-04-27,Premier League,West Ham,Liverpool,casa,0.1846406666917373,5.84,5.35,0.07830149347974569,0.05983431452039367,False,-1.0
2024-04-27,Premier League,Fulham,Crystal Palace,casa,0.4930190056398875,2.14,2.11,0.055060672069359384,-0.013731830663372913,False,-1.0
2024-04-27,Premier League,Everton,Brentford,fora,0.3862659313901491,3.09,2.48,0.1935617279955606,0.2129077409931841,False,-1.0
2024-04-28,Premier League,Tottenham,Arsenal,casa,0.3046201015159109,4.19,4.35,0.27635822535166676,-0.06412097656354776,False,-1.0
2024-04-28,Premier League,Bournemouth,Brighton,fora,0.4540373923861729,2.99,3.57,0.3575718032346571,-0.1869573115349682,False,-1.0
2024-05-03,Premier League,Luton,Everton,casa,0.4007272277542374,2.71,2.78,0.08597078721398344,-0.050630457325778755,False,-1.0
2024-05-04,Premier League,Arsenal,Bournemouth,empate,0.137333496657362,7.76,7.25,0.06570793406112907,0.03334499361304899,False,-1.0
2024-05-04,Premier League,Burnley,Newcastle,fora,0.550284812319793,2.04,2.02,0.12258101713237779,-0.01886119331645142,True,1.04
2024-05-04,Premier League,Sheffield United,Nott'm Forest,casa,0.2697020953353538,4.57,5.08,0.23253857568256686,-0.12646422434936933,False,-1.0
2024-05-04,Premier League,Man City,Wolves,empate,0.1358240739813653,13.16,13.5,0.7874448135947676,-0.0488049281314169,False,-1.0
2024-05-05,Premier League,Chelsea,West Ham,fora,0.2370099851891077,4.59,5.91,0.08787583201800442,-0.2460049121240151,False,-1.0
2024-05-05,Premier League,Liverpool,Tottenham,fora,0.1845257680890108,5.73,6.4,0.057332651150032055,-0.13073660956795707,False,-1.0
2024-05-06,Premier League,Crystal Palace,Man United,fora,0.4040339708948758,2.83,3.57,0.1434161376324985,-0.23002653406386397,False,-1.0
2024-05-11,Premier League,West Ham,Luton,casa,0.5796895331745583,1.82,1.88,0.055034950377696124,-0.061349946016256096,True,0.8200000000000001
2024-05-11,Premier League,Wolves,Crystal Palace,casa,0.3893563285565518,2.9,3.31,0.12913335281400018,-0.14776986445239437,False,-1.0
2024-05-11,Premier League,Tottenham,Burnley,empate,0.1725362609474765,6.16,6.53,0.06282336743645534,-0.09004810044576583,False,-1.0
2024-05-11,Premier League,Everton,Sheffield United,fora,0.1551378377677205,7.47,7.03,0.15887964812487199,0.02771780854443784,False,-1.0
2024-05-11,Premier League,Bournemouth,Brentford,fora,0.3992549441640998,3.57,3.25,0.4253401506658361,0.06814000314164548,True,2.57
2024-05-11,Premier League,Fulham,Man City,casa,0.1447320866990213,12.95,10.9,0.8742805227523256,0.14975230280981489,False,-1.0
2024-05-11,Premier League,Newcastle,Brighton,fora,0.2444191683411646,4.84,5.01,0.18298877477123665,-0.06317273372591758,False,-1.0
2024-05-12,Premier League,Man United,Arsenal,casa,0.2555340545526137,7.2,9.75,0.8398451927788186,-0.2886130436958806,False,-1.0
2024-05-13,Premier League,Aston Villa,Liverpool,casa,0.285571376570661,4.16,3.9,0.18797692653394993,0.035290708205035326,False,-1.0
2024-05-14,Premier League,Tottenham,Man City,casa,0.2087275333083125,7.15,6.6,0.49240186315443446,0.04808300296080681,False,-1.0
2024-05-15,Premier League,Brighton,Chelsea,casa,0.3955880686758984,3.42,3.2,0.35291119487157263,0.03970508551692742,False,-1.0
2024-05-15,Premier League,Man United,Newcastle,casa,0.4224808642784196,2.75,2.73,0.16182237676565392,-0.019699812382739323,True,1.75
2024-05-19,Premier League,Man City,West Ham,empate,0.1223515386380869,13.11,15.01,0.6040286715453191,-0.1578441409283332,False,-1.0
2024-05-19,Premier League,Crystal Palace,Aston Villa,fora,0.421529224324489,3.74,4.99,0.576519298973589,-0.2719175300189187,False,-1.0
2024-05-19,Premier League,Liverpool,Wolves,empate,0.1741733403755529,9.27,10.69,0.6145868652813753,-0.16615803232136817,False,-1.0
2024-05-19,Premier League,Burnley,Nott'm Forest,casa,0.3915847706302746,2.92,2.85,0.14342753024040178,-0.007995551848762883,False,-1.0
2024-05-19,Premier League,Brighton,Man United,fora,0.3609648168853282,2.98,2.48,0.07567515431827809,0.1696753688989785,True,1.98
2024-05-19,Premier League,Brentford,Newcastle,casa,0.3693147860091397,2.97,2.99,0.09686491444714496,-0.03354699398474115,False,-1.0
2024-05-19,Premier League,Arsenal,Everton,empate,0.169730691229275,8.37,7.16,0.4206458855890316,0.1285385306159723,False,-1.0
2024-05-19,Premier League,Chelsea,Bournemouth,fora,0.1964673794262239,5.93,7.23,0.16505155999750754,-0.20484513490405865,False,-1.0
2024-08-16,Premier League,Man United,Fulham,fora,0.2498961748508739,5.3,5.28,0.32444972670963157,-0.02720645665191368,False,-1.0
2024-08-17,Premier League,West Ham,Aston Villa,fora,0.409580360790345,2.8,2.86,0.1468250102129658,-0.04787782625942061,True,1.7999999999999998
2024-08-17,Premier League,Nott'm Forest,Bournemouth,casa,0.4298807627633121,2.47,2.24,0.061805484025381,0.0717283823453676,False,-1.0
2024-08-17,Premier League,Arsenal,Wolves,fora,0.0848436182135659,16.22,18.76,0.3761634874240387,-0.1633125082090311,False,-1.0
2024-08-18,Premier League,Brentford,Crystal Palace,casa,0.4388761369840419,2.5,2.92,0.0971903424601046,-0.16638293921010272,True,1.5
2024-08-18,Premier League,Chelsea,Man City,fora,0.5971320548011709,1.84,1.97,0.09872298083415454,-0.08648550140627309,True,0.8400000000000001
2024-08-19,Premier League,Leicester,Tottenham,casa,0.3661872178855654,5.09,4.64,0.8638929390375278,0.06373111411547883,False,-1.0
2024-08-24,Premier League,Aston Villa,Arsenal,casa,0.243972105022603,4.55,4.85,0.11007307785284359,-0.08778356425364897,False,-1.0
2024-08-24,Premier League,Tottenham,Everton,fora,0.182066170178214,7.03,8.0,0.27992517635284453,-0.1481723968734665,False,-1.0
2024-08-24,Premier League,Fulham,Leicester,fora,0.3228704709985469,4.56,4.26,0.4722893477533736,0.04012992720255237,False,-1.0
2024-08-25,Premier League,Bournemouth,Newcastle,fora,0.5076296672190515,2.28,2.68,0.15739564125943728,-0.17128633462976262,False,-1.0
2024-08-25,Premier League,Wolves,Chelsea,casa,0.2759459013980458,4.46,3.91,0.23071872023528428,0.10992417176388192,False,-1.0
2024-08-25,Premier League,Liverpool,Brentford,fora,0.1350846673881199,10.11,12.5,0.3657059872938919,-0.2137683007073533,False,-1.0
2024-08-31,Premier League,Arsenal,Brighton,empate,0.1799140137312982,5.87,5.48,0.05609526060272052,0.03892714675624598,True,4.87
2024-08-31,Premier League,Brentford,Southampton,casa,0.5951136569086628,1.79,1.82,0.06525344586650639,-0.04459188295788441,True,0.79
2024-08-31,Premier League,Everton,Bournemouth,casa,0.4248037084821066,2.82,3.14,0.19794645791954046,-0.12529727533658608,False,-1.0
2024-08-31,Premier League,Leicester,Aston Villa,casa,0.3880464858590042,4.8,4.01,0.8626231321232201,0.16371609518309338,False,-1.0
2024-08-31,Premier League,Nott'm Forest,Wolves,fora,0.3161746231858631,3.71,3.88,0.17300785201955216,-0.06986041469033732,False,-1.0
2024-09-01,Premier League,Man United,Liverpool,casa,0.2703072022048569,3.93,3.51,0.06230730466508749,0.08893990109923466,False,-1.0
2024-09-01,Premier League,Newcastle,Tottenham,casa,0.4805377363270756,2.5,2.53,0.20134434081768893,-0.03902091095847138,True,1.5
2024-09-01,Premier League,Chelsea,Crystal Palace,fora,0.2397392202682548,5.06,5.05,0.21308045455736924,-0.02635951074037257,False,-1.0
2024-09-14,Premier League,Southampton,Man United,casa,0.2458738424129094,4.5,4.2,0.10643229085809236,0.039955125992405804,False,-1.0
2024-09-14,Premier League,Crystal Palace,Leicester,fora,0.3088043417043828,5.48,5.43,0.6922477925400179,-0.021820415260794257,False,-1.0
2024-09-14,Premier League,Fulham,West Ham,casa,0.4676971268947922,2.4,2.36,0.12247310454750115,-0.011240792945241274,False,-1.0
2024-09-14,Premier League,Liverpool,Nott'm Forest,fora,0.0842895337963224,12.71,12.95,0.07131997455125783,-0.05404326297301443,True,11.71
2024-09-14,Premier League,Man City,Brentford,empate,0.1373971464826048,8.43,7.2,0.1582579448483583,0.12886849335979234,False,-1.0
2024-09-14,Premier League,Aston Villa,Everton,fora,0.2005629743707885,6.48,5.44,0.2996480739227094,0.15753657706702962,False,-1.0
2024-09-15,Premier League,Tottenham,Arsenal,fora,0.5157098598473902,2.32,2.63,0.19644687484594514,-0.14170716119872484,True,1.3199999999999998
2024-09-15,Premier League,Wolves,Newcastle,fora,0.5113722860546261,2.1,2.07,0.07388180071471506,-0.014065892570565341,True,1.1
2024-09-21,Premier League,Tottenham,Brentford,fora,0.2523201163983731,5.48,6.23,0.38271423786308456,-0.1478811900769238,False,-1.0
2024-09-21,Premier League,Crystal Palace,Man United,casa,0.3597345199969828,2.92,2.8,0.05042479839118985,0.014513604600239871,False,-1.0
2024-09-21,Premier League,Southampton,Ipswich,empate,0.3344533248796097,3.5,3.48,0.17058663707863397,-0.021053347232923736,True,2.5
2024-09-21,Premier League,Leicester,Everton,casa,0.5144718344958992,2.54,2.1,0.3067584596195838,0.1728327965360581,False,-1.0
2024-09-21,Premier League,Fulham,Newcastle,fora,0.4320500861126332,2.47,2.41,0.06716371269820409,-0.0012467323999656443,False,-1.0
2024-09-21,Premier League,West Ham,Chelsea,casa,0.3183768736318411,3.59,3.59,0.1429729763383094,-0.029004675562416593,False,-1.0
2024-09-22,Premier League,Man City,Arsenal,fora,0.2413155464136792,4.54,4.91,0.0955725807181036,-0.1017437870158262,False,-1.0
2024-09-28,Premier League,Arsenal,Leicester,fora,0.1103896003520058,14.09,17.5,0.5553894689597618,-0.22398488120950333,False,-1.0
2024-09-28,Premier League,Brentford,West Ham,casa,0.4855629745918304,2.23,2.26,0.08280543333978185,-0.041257303246297505,False,-1.0
2024-09-28,Premier League,Chelsea,Brighton,fora,0.2573765583811846,4.32,4.15,0.11186673220671772,0.0091305483429871,False,-1.0
2024-09-28,Premier League,Everton,Crystal Palace,fora,0.3914281756895932,2.69,2.7,0.052941792605005755,-0.0301805242145462,False,-1.0
2024-09-28,Premier League,Nott'm Forest,Fulham,fora,0.3766622969662945,3.03,3.0,0.1412867598078722,-0.016694310959541325,True,2.03
2024-09-28,Premier League,Wolves,Liverpool,casa,0.1458533510100964,8.09,8.72,0.17995360967167984,-0.10329679487807986,False,-1.0
2024-09-30,Premier League,Bournemouth,Southampton,fora,0.2265338062591141,5.01,6.79,0.1349343693581615,-0.2847769880879176,False,-1.0
2024-10-05,Premier League,Crystal Palace,Liverpool,casa,0.2019442151739224,6.38,5.14,0.28840409280962476,0.2048923945750294,False,-1.0
2024-10-05,Premier League,Arsenal,Southampton,empate,0.1152207677509586,9.46,8.18,0.08998846292406837,0.11439336257776533,False,-1.0
2024-10-05,Premier League,Brentford,Wolves,casa,0.5350892344472801,2.14,2.11,0.1450909617171794,-0.014096869449929161,True,1.1400000000000001
2024-10-05,Premier League,Leicester,Bournemouth,casa,0.5084203464240294,3.35,3.7,0.7032081605204987,-0.11907288705445007,True,2.35
2024-10-05,Premier League,West Ham,Ipswich,empate,0.2643209586359296,4.02,3.84,0.06257025371643676,0.018198874296435408,False,-1.0
2024-10-05,Premier League,Everton,Newcastle,fora,0.5123841981140923,2.27,2.0,0.16311212971898947,0.09683691059775379,False,-1.0
2024-10-06,Premier League,Chelsea,Nott'm Forest,fora,0.1762219891799093,6.2,6.34,0.09257633291543765,-0.04907812137710732,False,-1.0
2024-10-06,Premier League,Brighton,Tottenham,casa,0.3715341792420614,2.95,2.94,0.09602582876408117,-0.024007647487254147,True,1.9500000000000002
2024-10-19,Premier League,Southampton,Leicester,fora,0.4896084354573872,3.09,3.41,0.5128900655633264,-0.1180081406362572,True,2.09
2024-10-19,Premier League,Bournemouth,Arsenal,fora,0.6681713191764738,1.68,1.76,0.1225278162164758,-0.07428788118186125,False,-1.0
2024-10-19,Premier League,Man United,Brentford,fora,0.2827438497650001,4.43,4.92,0.25255525445895044,-0.12480931265642503,False,-1.0
2024-10-19,Premier League,Ipswich,Everton,fora,0.3820983246989188,3.07,3.06,0.17304185682568063,-0.024227955976514726,True,2.07
2024-10-19,Premier League,Fulham,Aston Villa,fora,0.3700569954942168,2.94,2.98,0.08796756675299733,-0.04012053877178301,True,1.94
2024-10-19,Premier League,Tottenham,West Ham,fora,0.2030813078172849,5.88,6.25,0.19411808996563518,-0.08937925628337651,False,-1.0
2024-10-21,Premier League,Nott'm Forest,Crystal Palace,fora,0.3626903336329414,3.19,3.29,0.15698216428908296,-0.05602384217744483,False,-1.0
2024-10-25,Premier League,Leicester,Nott'm Forest,casa,0.4952908101238881,3.14,3.07,0.5552131437890087,-0.0034620667673462835,False,-1.0
2024-10-26,Premier League,Aston Villa,Bournemouth,casa,0.5871550347006687,1.86,1.79,0.09210836454324367,0.008045536688847887,False,-1.0
2024-10-27,Premier League,Arsenal,Liverpool,casa,0.447862555409098,2.54,2.27,0.1375708907391089,0.08840911359460546,False,-1.0
2024-10-27,Premier League,Chelsea,Newcastle,fora,0.3105801604693558,4.28,4.29,0.329283086808843,-0.03203751954142786,False,-1.0
2024-10-27,Premier League,Crystal Palace,Tottenham,casa,0.3193402926568588,4.05,3.78,0.29332818526027804,0.04096984969670414,True,3.05
2024-11-02,Premier League,Bournemouth,Man City,fora,0.7430108366860645,1.6,1.56,0.18881733869770323,-0.005136186770427931,False,-1.0
2024-11-02,Premier League,Ipswich,Leicester,fora,0.4868722490686117,3.13,3.09,0.5239101395847545,-0.016404793608522095,False,-1.0
2024-11-02,Premier League,Liverpool,Brighton,empate,0.1919918295701841,5.54,5.79,0.06363473581881984,-0.07473775008168948,False,-1.0
2024-11-02,Premier League,Nott'm Forest,West Ham,fora,0.3629641312496526,3.53,3.95,0.28126338331127365,-0.1323472234254528,False,-1.0
2024-11-02,Premier League,Wolves,Crystal Palace,fora,0.3849081022212057,2.92,3.13,0.12393165848592069,-0.09314309668076681,False,-1.0
2024-11-04,Premier League,Fulham,Brentford,fora,0.3232909053482762,3.61,3.73,0.16708016830727712,-0.05954216487278152,False,-1.0
2024-11-09,Premier League,Brighton,Man City,fora,0.6501318136467249,1.74,1.83,0.13122935574530126,-0.07805060334760605,False,-1.0
2024-11-09,Premier League,Liverpool,Aston Villa,empate,0.1984510941877734,5.45,4.9,0.08155846332336503,0.08278145695364225,False,-1.0
2024-11-09,Premier League,West Ham,Everton,casa,0.4892889354685451,2.2,2.17,0.07643565803079944,-0.013987108688830241,False,-1.0
2024-11-09,Premier League,Crystal Palace,Fulham,casa,0.3994606656768443,2.79,3.37,0.11449525723839571,-0.19396381431265153,False,-1.0
2024-11-09,Premier League,Brentford,Bournemouth,casa,0.5341886053325697,2.59,2.64,0.38354848781135553,-0.04476652049571028,True,1.5899999999999999
2024-11-10,Premier League,Man United,Leicester,fora,0.2588569521435913,7.62,8.93,0.9724899753341656,-0.17207954849768925,False,-1.0
2024-11-10,Premier League,Nott'm Forest,Newcastle,fora,0.486524031259735,2.78,2.72,0.3525368069020631,-0.004374290326816577,True,1.7799999999999998
2024-11-10,Premier League,Tottenham,Ipswich,empate,0.1626025914533188,6.95,6.72,0.13008801060056552,-0.0019712617871575633,False,-1.0
2024-11-10,Premier League,Chelsea,Arsenal,fora,0.4927286105215692,2.59,2.52,0.2761671012508642,-0.0008636573007829718,False,-1.0
2024-11-23,Premier League,Fulham,Wolves,fora,0.2287334718919077,5.43,5.91,0.2420227523730587,-0.1096049991630339,True,4.43
2024-11-23,Premier League,Everton,Brentford,fora,0.401227935325149,2.97,3.18,0.1916469679156927,-0.09061932921049065,False,-1.0
2024-11-23,Premier League,Bournemouth,Brighton,fora,0.3918823138825268,2.91,2.88,0.14037753339815318,-0.015770171149144363,True,1.9100000000000001
2024-11-23,Premier League,Leicester,Chelsea,casa,0.2932536302516694,7.05,7.0,1.0674380932742693,-0.022696294192815714,False,-1.0
2024-11-23,Premier League,Aston Villa,Crystal Palace,fora,0.24406042229238,5.59,5.01,0.3642977606144042,0.08175166086408137,False,-1.0
2024-11-24,Premier League,Ipswich,Man United,casa,0.2491521353544972,5.24,5.15,0.3055571892575655,-0.011965206880922064,False,-1.0
2024-11-25,Premier League,Newcastle,West Ham,fora,0.1919739981217896,6.49,6.64,0.24591124781041462,-0.0506745425409012,True,5.49
2024-11-29,Premier League,Brighton,Southampton,empate,0.2095566368685068,5.33,5.68,0.11693687450914125,-0.09651680519929384,True,4.33
2024-11-30,Premier League,Brentford,Leicester,fora,0.2665768431348151,4.98,5.38,0.3275526788113794,-0.10019922202730502,False,-1.0
2024-11-30,Premier League,Nott'm Forest,Ipswich,fora,0.2324636036361837,4.85,4.94,0.12744847763549094,-0.04532942982206811,False,-1.0
2024-11-30,Premier League,Wolves,Bournemouth,casa,0.3954943574900094,2.86,2.75,0.13111386242142675,0.012724754990092624,False,-1.0
2024-11-30,Premier League,West Ham,Arsenal,casa,0.1725486664583091,7.07,7.34,0.2199190718602455,-0.06519707754246518,False,-1.0
2024-12-01,Premier League,Chelsea,Aston Villa,fora,0.2631284438066401,4.6,4.69,0.2103908415105442,-0.048079074213427275,False,-1.0
2024-12-01,Premier League,Man United,Everton,fora,0.191405367360233,6.17,5.98,0.18097111661263754,0.0015184295266323922,False,-1.0
2024-12-01,Premier League,Liverpool,Man City,fora,0.3723552425360251,3.48,3.6,0.2957962440253672,-0.06073371989295262,False,-1.0
2024-12-03,Premier League,Leicester,West Ham,casa,0.4509130002077611,2.95,3.04,0.33019335061289534,-0.054366015633833475,True,1.9500000000000002
2024-12-04,Premier League,Everton,Wolves,fora,0.3055949115269015,3.62,3.8,0.10625357972738336,-0.07337567282772761,False,-1.0
2024-12-04,Premier League,Man City,Nott'm Forest,casa,0.7927806722772943,1.36,1.31,0.0781817142971204,0.004781846498784992,True,0.3600000000000001
2024-12-04,Premier League,Newcastle,Liverpool,casa,0.2814993896848653,4.29,3.68,0.2076323817480723,0.13256,False,-1.0
2024-12-04,Premier League,Southampton,Chelsea,casa,0.1739302865711258,8.92,9.07,0.551458156214442,-0.04536839813315918,False,-1.0
2024-12-04,Premier League,Arsenal,Man United,fora,0.1570939486983748,7.03,6.64,0.1043704593495749,0.027123107360600862,False,-1.0
2024-12-04,Premier League,Aston Villa,Brentford,fora,0.2748384262247138,4.44,5.06,0.2202826124377295,-0.1474854502715407,False,-1.0
2024-12-05,Premier League,Bournemouth,Tottenham,fora,0.4774437833024452,2.47,3.06,0.17928614475703974,-0.21721400061406193,False,-1.0
2024-12-07,Premier League,Man United,Nott'm Forest,fora,0.2209377228641679,5.18,5.33,0.14445740443638977,-0.05698884627564138,True,4.18
2024-12-08,Premier League,Fulham,Arsenal,casa,0.2107618203466058,5.33,5.5,0.12336050244740893,-0.05883305988515175,False,-1.0
2024-12-08,Premier League,Ipswich,Bournemouth,casa,0.3451810010608061,3.68,3.92,0.2702660839037665,-0.08830427639237182,False,-1.0
2024-12-08,Premier League,Leicester,Brighton,casa,0.3648480125188212,4.69,4.98,0.7111371787132716,-0.08587013579824265,False,-1.0
2024-12-08,Premier League,Tottenham,Chelsea,casa,0.4481356037867546,3.23,2.93,0.4474780002312173,0.07065090458310119,False,-1.0
2024-12-14,Premier League,Newcastle,Leicester,fora,0.1920949115804346,8.95,9.49,0.7192494586448894,-0.09278279488758656,False,-1.0
2024-12-14,Premier League,Nott'm Forest,Aston Villa,fora,0.4134291848363148,2.76,2.81,0.14106455014822883,-0.04366280352133123,False,-1.0
2024-12-14,Premier League,Arsenal,Everton,empate,0.1809743654823508,6.63,6.5,0.19986004314798578,-0.010447761194029903,True,5.63
2024-12-14,Premier League,Liverpool,Fulham,empate,0.1896161285212187,6.04,6.13,0.14528141626816105,-0.05464764573750658,True,5.04
2024-12-15,Premier League,Chelsea,Brentford,fora,0.2254423137213614,8.44,8.25,0.90273312780829,-0.013963838664812211,False,-1.0
2024-12-15,Premier League,Man City,Man United,casa,0.7000743834007129,1.6,1.53,0.12011901344114073,0.016658354114713392,False,-1.0
2024-12-16,Premier League,Bournemouth,West Ham,fora,0.3204747693905157,4.49,4.42,0.43893171456341573,-0.013915862052483075,False,-1.0
2024-12-21,Premier League,Crystal Palace,Arsenal,casa,0.1889700788000805,6.75,7.6,0.2755480319005432,-0.13707603887019337,False,-1.0
2024-12-21,Premier League,Brentford,Nott'm Forest,casa,0.5047049916563644,2.39,2.53,0.20624493005871103,-0.08123877890282583,False,-1.0
2024-12-21,Premier League,Aston Villa,Man City,fora,0.5986359034870647,2.14,2.24,0.2810808334623187,-0.07086790907828067,False,-1.0
2024-12-22,Premier League,Everton,Chelsea,casa,0.2439477478963006,5.48,5.01,0.3368336584717275,0.0572058027047071,False,-1.0
2024-12-22,Premier League,Fulham,Southampton,fora,0.1588219338463057,7.35,5.88,0.16734121377034672,0.24221136224801443,False,-1.0
2024-12-22,Premier League,Leicester,Wolves,casa,0.4886109153070639,2.63,3.05,0.28504670725757797,-0.16095232527880332,False,-1.0
2024-12-22,Premier League,Tottenham,Liverpool,casa,0.2855722420698608,4.47,4.9,0.2765079220522777,-0.11425866050808331,False,-1.0
2024-12-26,Premier League,Wolves,Man United,casa,0.2909913939203765,3.95,4.44,0.1494160059854872,-0.13640411456818835,True,2.95
2024-12-26,Premier League,Southampton,West Ham,fora,0.4859081227433884,2.21,2.31,0.07385695126288838,-0.07015814637734452,True,1.21
2024-12-26,Premier League,Nott'm Forest,Tottenham,fora,0.4726957293881903,2.87,3.22,0.3566367433441062,-0.1334984025559106,False,-1.0
2024-12-26,Premier League,Liverpool,Leicester,fora,0.080641231002582,24.96,27.0,1.0128051258244466,-0.10776599091109862,False,-1.0
2024-12-26,Premier League,Chelsea,Fulham,fora,0.2132885801818155,6.32,6.86,0.347983826749074,-0.10826333622868589,True,5.32
2024-12-26,Premier League,Bournemouth,Crystal Palace,fora,0.319039837262664,3.94,3.5,0.25701695881489606,0.09460357509408146,False,-1.0
2024-12-27,Premier League,Brighton,Brentford,fora,0.31476753142682,4.96,5.05,0.5612469558770272,-0.04541690730117176,False,-1.0
2024-12-29,Premier League,West Ham,Liverpool,casa,0.1654573049062112,7.32,7.75,0.21114747191346606,-0.0832387271163535,False,-1.0
2024-12-29,Premier League,Tottenham,Wolves,casa,0.6590019998837733,1.63,1.68,0.07417325981055045,-0.05632323583022325,False,-1.0
2024-12-29,Premier League,Fulham,Bournemouth,casa,0.4498990799199979,2.37,2.27,0.06626081941039508,0.015262334665744781,False,-1.0
2024-12-30,Premier League,Ipswich,Chelsea,empate,0.2032122053220278,5.2,5.28,0.056703467674544594,-0.04949330750873304,False,-1.0
2025-01-01,Premier League,Brentford,Arsenal,casa,0.1893634952917444,6.98,6.0,0.32175719713637596,0.12954356846473036,False,-1.0
2025-01-04,Premier League,Southampton,Brentford,fora,0.5433604530546553,2.41,2.16,0.3094986918617193,0.08573827429817982,True,1.4100000000000001
2025-01-04,Premier League,Bournemouth,Everton,fora,0.2553072217718022,4.82,5.23,0.2305808089400867,-0.106389840425678,False,-1.0
2025-01-04,Premier League,Aston Villa,Leicester,fora,0.2048148711737956,9.41,8.32,0.9273079377454165,0.08520538704242075,False,-1.0
2025-01-04,Premier League,Tottenham,Newcastle,casa,0.4569810894226442,2.97,3.9,0.35723383558525335,-0.2594120966759833,False,-1.0
2025-01-05,Premier League,Liverpool,Man United,fora,0.1575203818214894,9.37,8.55,0.4759659776673555,0.061479096782908194,False,-1.0
2025-01-06,Premier League,Wolves,Nott'm Forest,casa,0.3693067993731397,3.44,4.01,0.2704153898436006,-0.16662492467033718,False,-1.0
2025-01-14,Premier League,Chelsea,Bournemouth,fora,0.190799522526137,6.17,5.71,0.1772330539862652,0.046228098748893,False,-1.0
2025-01-14,Premier League,West Ham,Fulham,casa,0.3760774844190079,3.03,3.22,0.13951477778959376,-0.0835777370438261,True,2.03
2025-01-15,Premier League,Newcastle,Wolves,fora,0.1652478731946282,7.91,8.5,0.3071106769695091,-0.09893013873704626,False,-1.0
2025-01-15,Premier League,Leicester,Crystal Palace,casa,0.3588077075442755,4.01,4.07,0.4388189072525446,-0.042319900077146366,False,-1.0
2025-01-15,Premier League,Arsenal,Tottenham,fora,0.1787991461339454,6.88,8.2,0.23013812540154444,-0.18817561412200945,False,-1.0
2025-01-16,Premier League,Man United,Southampton,empate,0.2093182358300403,5.97,6.1,0.24962986790534059,-0.04985138909139841,False,-1.0
2025-01-18,Premier League,Newcastle,Bournemouth,fora,0.2132371919657415,4.99,5.2,0.06405358790905025,-0.06834493344271841,True,3.99
2025-01-18,Premier League,Brentford,Liverpool,casa,0.2027620434937202,6.49,6.33,0.3159256622742441,-0.003733642134934434,False,-1.0
2025-01-18,Premier League,Leicester,Fulham,casa,0.3391870607593114,4.38,4.65,0.48563932612578387,-0.08673394144055158,False,-1.0
2025-01-19,Premier League,Everton,Tottenham,fora,0.501005771159946,2.46,2.85,0.23247419705346717,-0.15904539073467483,False,-1.0
2025-01-19,Premier League,Nott'm Forest,Southampton,fora,0.1746181778750914,8.27,9.23,0.44409233102700574,-0.13216482164821652,False,-1.0
2025-01-19,Premier League,Ipswich,Man City,fora,0.7815101717371727,1.37,1.37,0.07066893527992679,-0.02855301076899719,True,0.3700000000000001
2025-01-20,Premier League,Chelsea,Wolves,empate,0.1917541212115935,5.69,5.25,0.09108094969396707,0.05022393123727675,False,-1.0
2025-01-25,Premier League,Man City,Chelsea,casa,0.6143969931447263,2.03,2.39,0.2472258960837943,-0.17243933649811938,True,1.0299999999999998
2025-01-25,Premier League,Brighton,Everton,fora,0.2215226305270366,5.5,5.42,0.2183744678987014,-0.015003681885125242,True,4.5
2025-01-25,Premier League,Bournemouth,Nott'm Forest,fora,0.3208806011854589,3.45,3.94,0.10703807408983335,-0.14947124917382693,False,-1.0
2025-01-25,Premier League,Liverpool,Ipswich,empate,0.112049501600343,11.75,12.25,0.3165816438040301,-0.07014388489208645,False,-1.0
2025-01-26,Premier League,Crystal Palace,Brentford,fora,0.3444783515493446,3.59,3.84,0.236677282062147,-0.09338051736003339,True,2.59
2025-01-26,Premier League,Aston Villa,West Ham,fora,0.2342145756826391,5.99,6.9,0.4029453083390082,-0.15658045977011492,False,-1.0
2025-01-26,Premier League,Fulham,Man United,fora,0.3432589909001468,3.18,3.03,0.09156359106246681,0.020532233459517713,True,2.18
2025-02-01,Premier League,Nott'm Forest,Brighton,fora,0.3536213362964315,2.99,2.74,0.05732779552633027,0.06156699510794028,False,-1.0
2025-02-01,Premier League,Everton,Leicester,fora,0.2995874745458495,4.73,4.53,0.4170487546018682,0.013387879065566155,False,-1.0
2025-02-01,Premier League,Ipswich,Southampton,fora,0.287254711649105,3.78,4.18,0.08582281003361669,-0.12157339242666587,True,2.78
2025-02-01,Premier League,Newcastle,Fulham,fora,0.2387107155048134,4.74,4.91,0.13148879149281556,-0.06312105541637558,True,3.74
2025-02-02,Premier League,Man United,Crystal Palace,fora,0.2910159966412396,3.83,4.97,0.1145912671359477,-0.2526208775544393,True,2.83
2025-02-02,Premier League,Arsenal,Man City,fora,0.3463982150890733,3.85,3.77,0.33363312809293233,-0.007194290025027139,False,-1.0
2025-02-02,Premier League,Brentford,Tottenham,fora,0.4148263555876024,3.11,3.51,0.2901099658774433,-0.13980400526921355,True,2.11
2025-02-03,Premier League,Chelsea,West Ham,fora,0.1819715847307424,7.51,9.45,0.3666066013278755,-0.23118891412994091,False,-1.0
2025-02-12,Premier League,Everton,Liverpool,empate,0.2272191158991558,4.73,4.65,0.07474641820300709,-0.013659491193737883,True,3.7300000000000004
2025-02-15,Premier League,Leicester,Arsenal,casa,0.1156292064448421,9.47,10.15,0.09500858503265475,-0.09554096509520726,False,-1.0
2025-02-15,Premier League,Fulham,Nott'm Forest,fora,0.3097828153339724,3.47,3.63,0.07494636920888431,-0.07090055891362257,False,-1.0
2025-02-15,Premier League,Man City,Newcastle,casa,0.6145868871832988,1.99,2.09,0.2230279054947646,-0.07388958978476123,True,0.99
2025-02-15,Premier League,Southampton,Bournemouth,casa,0.1979313481209232,6.01,6.32,0.1895674022067484,-0.07607342573365172,False,-1.0
2025-02-15,Premier League,West Ham,Brentford,fora,0.4192022035074767,2.83,2.93,0.18634223592615906,-0.05998515274394456,True,1.83
2025-02-15,Premier League,Crystal Palace,Everton,fora,0.24025370071326,5.17,4.53,0.2421116326875541,0.10971683315446201,True,4.17
2025-02-16,Premier League,Tottenham,Man United,casa,0.4912253411873981,2.46,2.21,0.20841433932099918,0.08239538915702171,True,1.46
2025-02-16,Premier League,Liverpool,Wolves,empate,0.1428176791023091,8.22,7.1,0.17396132222098104,0.1215381001474678,False,-1.0
2025-02-21,Premier League,Leicester,Brentford,casa,0.2943149915654875,3.79,3.74,0.11545381803319765,-0.01515182473850163,False,-1.0
2025-02-22,Premier League,Everton,Man United,fora,0.4125607833185635,2.98,2.97,0.22943113428931916,-0.024619102658400838,False,-1.0
2025-02-22,Premier League,Bournemouth,Wolves,fora,0.2431480062531666,5.58,5.27,0.35676587489266964,0.02829084868221554,True,4.58
2025-02-22,Premier League,Fulham,Crystal Palace,fora,0.3096044526722386,3.84,3.77,0.18888109826139599,-0.009151753493431891,True,2.84
2025-02-22,Premier League,Ipswich,Tottenham,fora,0.6446030739559232,1.89,2.1,0.21829980977669483,-0.12479320531757765,True,0.8899999999999999
2025-02-22,Premier League,Southampton,Brighton,empate,0.2344891516363453,4.53,4.51,0.062235856912644216,-0.0250089237215797,False,-1.0
2025-02-23,Premier League,Man City,Liverpool,casa,0.4480573092217388,2.95,3.24,0.3217690622041296,-0.10694625848173034,False,-1.0
2025-02-25,Premier League,Wolves,Fulham,fora,0.4117898720188111,2.74,3.2,0.1283042493315425,-0.16694065937402736,True,1.7400000000000002
2025-02-25,Premier League,Chelsea,Southampton,empate,0.1477303782967578,8.97,8.25,0.32514149332191766,0.05440712262242009,False,-1.0
2025-02-25,Premier League,Brighton,Bournemouth,fora,0.3231708948254552,3.53,3.63,0.14079325873385673,-0.05412408051664541,False,-1.0
2025-02-26,Premier League,Nott'm Forest,Arsenal,fora,0.5994391382630219,1.99,1.96,0.1928838851434136,-0.013204478402299769,False,-1.0
2025-02-26,Premier League,Tottenham,Man City,fora,0.5388087934371562,2.07,1.85,0.1153342024149131,0.084508255472862,True,1.0699999999999998
2025-02-26,Premier League,Liverpool,Newcastle,fora,0.1888082009023829,5.67,8.0,0.07054249911651111,-0.31317227564729544,False,-1.0
2025-02-27,Premier League,West Ham,Leicester,fora,0.2605559745318096,5.34,4.83,0.39136890399986335,0.07385673845059348,False,-1.0
2025-03-08,Premier League,Nott'm Forest,Man City,fora,0.6205990001970052,1.89,1.94,0.1729321103723398,-0.05379627393308184,False,-1.0
2025-03-08,Premier League,Brighton,Fulham,fora,0.3164616279147484,3.86,4.0,0.22154188375092887,-0.06238089564432958,False,-1.0
2025-03-09,Premier League,Tottenham,Bournemouth,casa,0.5240994571814294,2.73,2.86,0.43079151810530214,-0.07092388688550066,False,-1.0
2025-03-09,Premier League,Chelsea,Leicester,fora,0.1466625441377979,11.42,13.0,0.674886254053652,-0.1465945242117117,False,-1.0
2025-03-09,Premier League,Man United,Arsenal,casa,0.1973618470326452,5.61,5.05,0.10719996185313962,0.0799665083176826,False,-1.0
2025-03-10,Premier League,West Ham,Newcastle,fora,0.5001092324932319,2.2,2.22,0.10024031148511026,-0.0351805490264675,True,1.2000000000000002
2025-03-15,Premier League,Bournemouth,Brentford,fora,0.3561371221192227,4.29,4.32,0.5278282538914654,-0.03544544685649864,True,3.29
2025-03-15,Premier League,Man City,Brighton,casa,0.6860125698995786,1.67,1.83,0.14564099173229628,-0.11369537579227718,False,-1.0
2025-03-15,Premier League,Everton,West Ham,fora,0.3200700929122441,3.9,3.92,0.248273362357752,-0.03306103989711262,False,-1.0
2025-03-15,Premier League,Ipswich,Nott'm Forest,fora,0.5557834009206982,1.99,2.0,0.10600896783218938,-0.03393947838853739,True,0.99
2025-03-16,Premier League,Arsenal,Chelsea,casa,0.6027654503573747,1.81,1.73,0.09100546514684837,0.014840446688083153,True,0.81
2025-03-16,Premier League,Fulham,Tottenham,fora,0.4314018110096314,3.53,4.08,0.5228483928639986,-0.1596293273908539,False,-1.0
2025-03-16,Premier League,Leicester,Man United,casa,0.265278232468544,4.21,4.56,0.11682135869257015,-0.10148724148669175,False,-1.0
2025-04-01,Premier League,Arsenal,Fulham,fora,0.1386391423415339,7.79,7.6,0.07999891884054922,-0.0013530375723115329,False,-1.0
2025-04-01,Premier League,Wolves,West Ham,fora,0.3594332346093783,2.96,3.27,0.06392237444375981,-0.11960358138496874,False,-1.0
2025-04-01,Premier League,Nott'm Forest,Man United,fora,0.3453568290559371,3.19,3.19,0.10168828468843949,-0.02726468128513504,False,-1.0
2025-04-02,Premier League,Newcastle,Brentford,fora,0.2744431486239789,4.31,4.69,0.18284997056934893,-0.11171816052065653,False,-1.0
2025-04-02,Premier League,Brighton,Aston Villa,fora,0.3334208063161782,3.33,3.11,0.11029128503287344,0.04215758468335795,True,2.33
2025-04-02,Premier League,Bournemouth,Ipswich,fora,0.1513498645979344,7.75,7.52,0.1729614506339916,-0.001805915224206145,True,6.75
2025-04-03,Premier League,Chelsea,Tottenham,fora,0.3261079806574425,4.59,4.83,0.49683563121766117,-0.07741942622132403,False,-1.0
2025-04-05,Premier League,Everton,Arsenal,fora,0.601019239692972,1.81,2.1,0.08784482384427927,-0.16184322393561557,False,-1.0
2025-04-05,Premier League,Ipswich,Wolves,fora,0.4668860995765566,2.71,2.7,0.2652613298524684,-0.02273898659237339,True,1.71
2025-04-05,Premier League,West Ham,Bournemouth,casa,0.3597454517151234,3.03,3.04,0.09002871869682383,-0.029780517137703133,False,-1.0
2025-04-05,Premier League,Aston Villa,Nott'm Forest,fora,0.3231611537919041,3.8,3.66,0.22801238440923544,0.009780213875006494,False,-1.0
2025-04-06,Premier League,Brentford,Chelsea,casa,0.3545099778370695,3.26,2.94,0.1557025277488464,0.07934314886726535,False,-1.0
2025-04-06,Premier League,Fulham,Liverpool,fora,0.585492015913854,1.87,1.94,0.0948700697589071,-0.06438873028440384,False,-1.0
2025-04-06,Premier League,Tottenham,Southampton,casa,0.7840566546502487,1.39,1.37,0.08983874996384555,-0.019045050917792294,True,0.3899999999999999
2025-04-06,Premier League,Man United,Man City,fora,0.5676742335289335,2.15,2.11,0.22049960208720698,-0.008754544201969305,False,-1.0
2025-04-07,Premier League,Leicester,Newcastle,casa,0.1908571886197403,6.61,7.45,0.2615660167764835,-0.13865150321953013,False,-1.0
2025-04-12,Premier League,Arsenal,Brentford,casa,0.6597121878734662,1.63,1.62,0.07533086623374974,-0.022954311576465436,False,-1.0
2025-04-12,Premier League,Brighton,Leicester,fora,0.1759682835216847,10.93,10.93,0.9233333388920137,-0.03358517061077959,False,-1.0
2025-04-13,Premier League,Wolves,Tottenham,fora,0.5185921151849806,3.23,3.16,0.6750525320474874,-0.006287180929611114,False,-1.0
2025-04-13,Premier League,Newcastle,Man United,fora,0.2773965493718029,4.97,5.45,0.37866085037786035,-0.11519724127477371,False,-1.0
2025-04-14,Premier League,Bournemouth,Fulham,fora,0.3385698202644284,3.39,3.43,0.14775169069641225,-0.0384214177436345,False,-1.0
2025-04-16,Premier League,Newcastle,Crystal Palace,fora,0.2616157934009762,4.84,5.24,0.26622044006072465,-0.10903806228373725,False,-1.0
2025-04-19,Premier League,Brentford,Brighton,casa,0.4232883091962153,2.56,2.7,0.08361807154231116,-0.07786509198273905,True,1.56
2025-04-19,Premier League,Crystal Palace,Bournemouth,casa,0.4192455147785734,2.59,2.59,0.085845883276505,-0.026298888901577167,False,-1.0
2025-04-19,Premier League,Everton,Man City,fora,0.6211905179380212,1.99,1.93,0.236169130696662,0.0026509172616575594,True,0.99
2025-04-19,Premier League,West Ham,Southampton,fora,0.1633869496098507,6.49,5.25,0.06038130296793098,0.1969422287313336,False,-1.0
2025-04-19,Premier League,Aston Villa,Newcastle,fora,0.4053982714104678,2.92,2.71,0.183762952518566,0.04091997165782568,False,-1.0
2025-04-20,Premier League,Leicester,Liverpool,casa,0.0921128635130071,11.65,13.5,0.07311485992653277,-0.16353397191330454,False,-1.0
2025-04-20,Premier League,Man United,Wolves,casa,0.5305650934342727,2.01,2.6,0.06643583780288798,-0.24759358288770061,False,-1.0
2025-04-20,Premier League,Ipswich,Arsenal,fora,0.7895992479581178,1.41,1.37,0.11333493962094598,-0.004144145236143704,True,0.4099999999999999
2025-04-21,Premier League,Tottenham,Nott'm Forest,casa,0.5075671975224716,2.52,2.4,0.27906933775662845,0.02423616567515996,False,-1.0
2025-04-22,Premier League,Man City,Aston Villa,casa,0.6767942832081165,1.87,1.91,0.26560530959917794,-0.04238426795940853,True,0.8700000000000001
2025-04-23,Premier League,Arsenal,Crystal Palace,fora,0.1419854023153425,8.22,9.1,0.1671200070321155,-0.1233205057724025,False,-1.0
2025-04-26,Premier League,Chelsea,Everton,fora,0.205313391563208,6.05,7.5,0.24214601895740828,-0.21667484060814113,False,-1.0
2025-04-26,Premier League,Brighton,West Ham,fora,0.2565994058144175,4.75,4.46,0.21884717761848305,0.031124747600308034,False,-1.0
2025-04-26,Premier League,Newcastle,Ipswich,fora,0.0992685697394538,14.29,17.5,0.4185478615767948,-0.20682005916169022,False,-1.0
2025-04-26,Premier League,Wolves,Leicester,fora,0.2639967221715769,6.49,6.03,0.7133387268935341,0.0396741384784014,False,-1.0
2025-04-27,Premier League,Bournemouth,Man United,fora,0.3565110961463483,4.86,3.72,0.7326439272712528,0.27047106488480366,False,-1.0
2025-04-27,Premier League,Liverpool,Tottenham,fora,0.179093942307443,9.07,13.75,0.6243820567285081,-0.3607225577658335,False,-1.0
2025-05-01,Premier League,Nott'm Forest,Brentford,fora,0.3492345891216493,3.34,3.22,0.16644352766630854,0.023855362479087372,True,2.34
2025-05-02,Premier League,Man City,Wolves,casa,0.7501542642490283,1.41,1.33,0.05771751259112978,0.026267904633042294,True,0.4099999999999999
2025-05-03,Premier League,Arsenal,Bournemouth,casa,0.6718312484863717,2.07,1.68,0.3906906843667892,0.1932109308283516,False,-1.0
2025-05-03,Premier League,Leicester,Southampton,casa,0.5042891314562847,2.37,2.45,0.19516524155139492,-0.05974572398608735,True,1.37
2025-05-03,Premier League,Aston Villa,Fulham,fora,0.2885585760153448,4.27,4.28,0.2321451195855222,-0.03149805944234507,False,-1.0
2025-05-03,Premier League,Everton,Ipswich,fora,0.1919209244947774,7.28,6.09,0.39718433032197953,0.15642563524575714,False,-1.0
2025-05-04,Premier League,Brentford,Man United,fora,0.3091728705522343,4.7,4.96,0.4531124915955014,-0.08718681688246166,False,-1.0
2025-05-04,Premier League,Brighton,Newcastle,fora,0.450845871826093,2.33,2.26,0.050470881354796715,0.002274951165969874,False,-1.0
2025-05-04,Premier League,West Ham,Tottenham,fora,0.4694291034201966,3.5,4.22,0.6430018619706881,-0.19529787468340476,False,-1.0
2025-05-04,Premier League,Chelsea,Liverpool,fora,0.4955201657727572,3.21,2.95,0.5906197321305506,0.05978615991710923,False,-1.0
2025-05-05,Premier League,Crystal Palace,Nott'm Forest,fora,0.3447900713169334,3.23,3.5,0.11367193035369483,-0.1023223350253808,False,-1.0
2025-05-10,Premier League,Fulham,Everton,fora,0.26325176871669,4.45,4.94,0.1714703707892704,-0.12886764406614692,True,3.45
2025-05-10,Premier League,Bournemouth,Aston Villa,fora,0.3890461865088222,2.78,2.73,0.08154839849452578,-0.00875524603126343,True,1.7799999999999998
2025-05-11,Premier League,Liverpool,Arsenal,fora,0.3305041219257064,3.71,3.22,0.2261702923443707,0.11999999999999988,False,-1.0
2025-05-11,Premier League,Tottenham,Crystal Palace,casa,0.4994647349081129,2.69,3.13,0.3435601369028236,-0.1650770405840103,False,-1.0
2025-05-11,Premier League,Newcastle,Chelsea,fora,0.3203515943568483,3.28,3.1,0.05075322949046224,0.02988843429386434,False,-1.0
2025-05-11,Premier League,Nott'm Forest,Leicester,fora,0.1720994412427645,8.99,7.91,0.5471739767724528,0.09437529002613809,False,-1.0
2025-05-16,Premier League,Aston Villa,Tottenham,fora,0.3399983726011743,8.61,11.0,1.9273859880961108,-0.2381601123595506,False,-1.0
2025-05-16,Premier League,Chelsea,Man United,fora,0.254685069712262,6.68,5.75,0.7012962656779103,0.1304212154084059,False,-1.0
2025-05-18,Premier League,Arsenal,Newcastle,casa,0.5804900430784928,2.03,1.94,0.17839478744934034,0.01535002321108836,True,1.0299999999999998
2025-05-18,Premier League,Everton,Southampton,fora,0.1631872298417606,8.19,7.6,0.33650341240401915,0.04330693853310885,False,-1.0
2025-05-18,Premier League,Brentford,Fulham,fora,0.3075465511365444,3.68,3.56,0.1317713081824834,0.005706084599869765,True,2.68
2025-05-18,Premier League,Leicester,Ipswich,casa,0.4630978306538674,2.37,2.27,0.09754185864966569,0.01628388979712736,True,1.37
2025-05-19,Premier League,Brighton,Liverpool,fora,0.6016346648445158,2.49,3.09,0.4980703154628443,-0.21673027511100107,False,-1.0
2025-05-20,Premier League,Man City,Bournemouth,casa,0.6999234639559347,1.57,1.34,0.0988798384108176,0.13636669564485837,True,0.5700000000000001
2025-05-20,Premier League,Crystal Palace,Wolves,casa,0.4624918745069231,2.29,2.41,0.05910639262085393,-0.0786168501415705,True,1.29
2025-05-25,Premier League,Tottenham,Brighton,casa,0.5024031157689236,4.33,3.83,1.1754054912794394,0.0995034301238491,False,-1.0
2025-05-25,Premier League,Nott'm Forest,Chelsea,casa,0.3391927438966984,3.15,3.5,0.06845714327459995,-0.1238351926502298,False,-1.0
2025-05-25,Premier League,Newcastle,Everton,fora,0.1936300436946701,8.55,10.36,0.6555368735894296,-0.20593770659364863,True,7.550000000000001
2025-05-25,Premier League,Fulham,Man City,casa,0.1941343281573935,5.54,6.32,0.07550417799196008,-0.1530122900306372,False,-1.0
2025-05-25,Premier League,Liverpool,Crystal Palace,empate,0.1872614755666498,5.68,6.04,0.06364518121857077,-0.08722027595655157,True,4.68
2025-05-25,Premier League,Ipswich,West Ham,fora,0.4912804137372087,2.24,2.23,0.10046812677134764,-0.023626119777270693,True,1.2400000000000002
2025-05-25,Premier League,Bournemouth,Leicester,fora,0.1846510907687387,8.37,9.01,0.5455296297343428,-0.10125108291794982,False,-1.0
2025-05-25,Premier League,Man United,Aston Villa,casa,0.3772989250460717,4.4,4.82,0.6601152702027158,-0.11504824313884487,True,3.4000000000000004
2025-08-15,Premier League,Liverpool,Bournemouth,fora,0.1486351589224362,9.07,9.75,0.3481208914264964,-0.09721502659339487,False,-1.0
2025-08-16,Premier League,Tottenham,Burnley,fora,0.1674404029005198,8.79,6.7,0.47180114149556895,0.27574162679425807,False,-1.0
2025-08-16,Premier League,Sunderland,West Ham,fora,0.5988526308987411,2.29,2.29,0.371372524758117,-0.02630281208527563,False,-1.0
2025-08-16,Premier League,Aston Villa,Newcastle,fora,0.3879211876784268,3.13,3.07,0.2141933174334758,-0.01230855699731348,False,-1.0
2025-08-16,Premier League,Brighton,Fulham,fora,0.3067751928639286,3.98,4.27,0.22096526759843593,-0.09352313167259796,False,-1.0
2025-08-17,Premier League,Chelsea,Crystal Palace,fora,0.2476825097634907,5.25,4.67,0.30033317625832634,0.09202191653741898,False,-1.0
2025-08-17,Premier League,Nott'm Forest,Brentford,fora,0.3682717441161094,3.4,3.66,0.25212392999477196,-0.09693415667616301,False,-1.0
2025-08-17,Premier League,Man United,Arsenal,fora,0.5546503249197419,2.01,2.0,0.11484715308868099,-0.024232478259684442,True,1.0099999999999998
2025-08-18,Premier League,Leeds,Everton,fora,0.4132683788333599,3.06,3.32,0.26460123923008116,-0.1033861064290873,False,-1.0
2025-08-22,Premier League,West Ham,Chelsea,casa,0.2692555117392744,4.94,5.17,0.33012222799201574,-0.07250481851605906,False,-1.0
2025-08-23,Premier League,Burnley,Sunderland,casa,0.5616016105219307,2.21,2.35,0.24113955925346686,-0.08447311594555451,True,1.21
2025-08-23,Premier League,Bournemouth,Wolves,fora,0.2671013908316257,4.4,4.59,0.17524611965915327,-0.0675795642111171,False,-1.0
2025-08-23,Premier League,Brentford,Aston Villa,casa,0.4025923444352973,3.26,3.29,0.312451042859069,-0.036097133846581864,True,2.26
2025-08-24,Premier League,Everton,Brighton,casa,0.3456166186988011,3.16,3.14,0.09214851508821154,-0.02067275501605581,True,2.16
2025-08-24,Premier League,Fulham,Man United,casa,0.4042711085460091,3.3,3.53,0.33409465820183004,-0.09109121647304985,False,-1.0
2025-08-30,Premier League,Chelsea,Fulham,fora,0.2390514379358964,5.75,5.49,0.37454576813140417,0.01405628632609357,False,-1.0
2025-08-30,Premier League,Man United,Burnley,fora,0.1907378100410321,8.45,7.98,0.6117344948467212,0.022798872492123756,False,-1.0
2025-08-30,Premier League,Sunderland,Brentford,fora,0.6916638733866266,2.53,2.5,0.7499095996681653,-0.016163971417826217,False,-1.0
2025-08-30,Premier League,Tottenham,Bournemouth,fora,0.3056574840994681,4.39,3.97,0.3418363551966648,0.07458204251414191,True,3.3899999999999997
2025-08-30,Premier League,Leeds,Newcastle,fora,0.6083342818532554,2.16,2.33,0.31400204880303195,-0.09762366724638105,False,-1.0
2025-08-31,Premier League,Brighton,Man City,fora,0.5879328462293649,1.91,2.0,0.12295173629808698,-0.07200848059901466,False,-1.0
2025-08-31,Premier League,Nott'm Forest,West Ham,fora,0.2811391093069088,5.13,5.17,0.44224363074444195,-0.041421001567281124,True,4.13
2025-08-31,Premier League,Liverpool,Arsenal,fora,0.348240575073214,3.28,3.05,0.14222908624014186,0.04630005459645714,False,-1.0
2025-08-31,Premier League,Aston Villa,Crystal Palace,fora,0.2852835913603704,4.21,3.98,0.2010439196271594,0.028210012168160326,True,3.21
2025-09-13,Premier League,Brentford,Chelsea,casa,0.3554210835108278,4.63,4.21,0.6455996166551325,0.06927535309430932,False,-1.0
2025-09-13,Premier League,West Ham,Tottenham,casa,0.3409906538864706,3.55,3.44,0.21051682129697058,0.0039028003613368334,False,-1.0
2025-09-13,Premier League,Newcastle,Wolves,fora,0.1806826919497116,7.21,9.25,0.30272220895742064,-0.24349502551677915,False,-1.0
2025-09-13,Premier League,Fulham,Leeds,casa,0.5684536580935611,1.99,2.11,0.13122277960618645,-0.08272949915603933,True,0.99
2025-09-13,Premier League,Everton,Aston Villa,fora,0.4029043343176943,3.01,2.86,0.2127420462962597,0.025008898311642103,False,-1.0
2025-09-13,Premier League,Crystal Palace,Sunderland,casa,0.7181201667729072,1.69,1.69,0.21362308184621326,-0.033386811975167685,False,-1.0
2025-09-13,Premier League,Bournemouth,Brighton,fora,0.3589212771283901,2.98,2.94,0.06958540584260264,-0.013503702694107611,False,-1.0
2025-09-13,Premier League,Arsenal,Nott'm Forest,fora,0.1433706246943792,8.14,8.32,0.16703688501224678,-0.05939292442955835,False,-1.0
2025-09-14,Premier League,Man City,Man United,casa,0.668851660107529,1.8,1.77,0.2039329881935521,-0.015190960573284285,True,0.8
2025-09-20,Premier League,Brighton,Tottenham,fora,0.3725366253492229,3.1,3.1,0.15486353858259094,-0.02776396510379109,False,-1.0
2025-09-20,Premier League,Wolves,Leeds,casa,0.4966649891306969,2.78,2.85,0.3807286697833372,-0.050525206243509424,False,-1.0
2025-09-20,Premier League,Man United,Chelsea,fora,0.4349628996907168,2.52,2.58,0.09610650722060621,-0.04949294467767318,False,-1.0
2025-09-20,Premier League,Fulham,Brentford,fora,0.365942360733675,3.92,3.71,0.43449405407600583,0.02845736101238061,False,-1.0
2025-09-21,Premier League,Arsenal,Man City,fora,0.3157261609644081,3.99,3.76,0.2597473822479883,0.032532985180445895,False,-1.0
2025-09-21,Premier League,Sunderland,Aston Villa,casa,0.4246707813788533,3.71,3.61,0.5755285989155456,-0.0009359220746953945,False,-1.0
2025-09-21,Premier League,Bournemouth,Newcastle,fora,0.4268214420939232,2.87,2.93,0.22497753880955962,-0.047136457891782446,False,-1.0
2025-09-27,Premier League,Brentford,Man United,casa,0.4458203871450114,3.47,3.39,0.5469967433931895,-0.004730015937665866,True,2.47
2025-09-27,Premier League,Crystal Palace,Liverpool,fora,0.5414271996463758,1.95,1.89,0.0557830393104326,0.00052907670486535,False,-1.0
2025-09-27,Premier League,Leeds,Bournemouth,fora,0.4994732350827781,2.51,2.5,0.25367782005777295,-0.024259227323070176,False,-1.0
2025-09-27,Premier League,Nott'm Forest,Sunderland,fora,0.396393946143259,4.76,4.79,0.8868351836419128,-0.03739944562747588,True,3.76
2025-09-27,Premier League,Tottenham,Wolves,fora,0.2071543808781337,6.08,5.76,0.25949863573905296,0.019510304396186173,False,-1.0
2025-09-28,Premier League,Aston Villa,Fulham,casa,0.462909208888524,2.3,2.38,0.064691180443605,-0.05925951045999889,True,1.2999999999999998
2025-09-29,Premier League,Everton,West Ham,fora,0.2833676836088559,4.9,5.46,0.38850164968339396,-0.1327433628318585,False,-1.0
2025-10-03,Premier League,Bournemouth,Fulham,fora,0.3114086515209645,3.93,3.98,0.2238360004773905,-0.0394541847877955,False,-1.0
2025-10-04,Premier League,Man United,Sunderland,fora,0.3752458187543893,6.18,5.78,1.3190191599021257,0.031343108023746735,False,-1.0
2025-10-04,Premier League,Leeds,Tottenham,fora,0.570531992104994,2.55,2.65,0.4548565798677344,-0.06414965725148336,True,1.5499999999999998
2025-10-04,Premier League,Arsenal,West Ham,fora,0.0932221984850518,13.68,14.76,0.27527967527550845,-0.10369040906900329,False,-1.0
2025-10-05,Premier League,Aston Villa,Burnley,fora,0.1727849305311835,6.21,5.77,0.07299441859864952,0.03973547143075873,False,-1.0
2025-10-05,Premier League,Newcastle,Nott'm Forest,fora,0.2248679730914334,5.27,5.91,0.18505421819185375,-0.13756037506025043,False,-1.0
2025-10-05,Premier League,Wolves,Brighton,casa,0.3162901250490127,3.82,3.82,0.20822827768722862,-0.027775236582259444,False,-1.0
2025-10-18,Premier League,Fulham,Arsenal,casa,0.1763264356304835,5.98,7.25,0.054432085070291514,-0.19783013422607476,False,-1.0
2025-10-18,Premier League,Nott'm Forest,Chelsea,casa,0.2920411044002106,3.77,3.24,0.1009949635887939,0.13270641485874846,False,-1.0
2025-10-18,Premier League,Brighton,Newcastle,fora,0.4095585650662184,2.64,2.54,0.08123461177481661,0.011210762331838708,False,-1.0
2025-10-18,Premier League,Burnley,Leeds,casa,0.3821519488116345,3.43,3.57,0.31078118442390634,-0.06566308243727592,True,2.43
2025-10-18,Premier League,Man City,Everton,empate,0.2090473998679274,5.29,4.55,0.10586074530133582,0.1237971272295395,False,-1.0
2025-10-18,Premier League,Sunderland,Wolves,casa,0.4645044090377725,2.5,2.65,0.1612610225944313,-0.08221396367533829,True,1.5
2025-10-19,Premier League,Liverpool,Man United,casa,0.6556055006937933,1.63,1.63,0.06863696613088299,-0.031968915959698974,False,-1.0
2025-10-19,Premier League,Tottenham,Aston Villa,fora,0.3240715292922381,3.5,3.27,0.13425035252283335,0.041646778042959465,True,2.5
2025-10-20,Premier League,West Ham,Brentford,fora,0.4351639862324722,2.87,2.9,0.2489206404871953,-0.03652300501710293,True,1.87
2025-10-24,Premier League,Leeds,West Ham,fora,0.3718971213512798,4.72,4.79,0.7553544127780405,-0.04405333590703309,False,-1.0
2025-10-25,Premier League,Chelsea,Sunderland,fora,0.2367792852319194,8.0,7.85,0.8942342818553553,-0.01039161410355327,True,7.0
2025-10-25,Premier League,Newcastle,Fulham,fora,0.2177434771773853,5.59,6.0,0.2171860374215837,-0.09436890025823519,False,-1.0
2025-10-25,Premier League,Man United,Brighton,fora,0.3475720420146265,3.57,3.57,0.24083218999221656,-0.028308425384448888,False,-1.0
2025-10-26,Premier League,Arsenal,Crystal Palace,fora,0.1421655585127189,7.49,9.0,0.06482003326026464,-0.1924371703381944,False,-1.0
2025-10-26,Premier League,Bournemouth,Nott'm Forest,fora,0.2822144861537924,4.48,3.98,0.26432089796899016,0.09412642249211056,False,-1.0
2025-10-26,Premier League,Wolves,Burnley,fora,0.258646138873379,4.18,4.55,0.08114086049072422,-0.10908845370373377,True,3.1799999999999997
2025-10-26,Premier League,Everton,Tottenham,fora,0.3878394086844495,3.13,3.4,0.21393734918232687,-0.10422420687816591,True,2.13
2025-11-01,Premier League,Nott'm Forest,Man United,casa,0.3835355024498864,3.43,3.48,0.3155267734031104,-0.04195825659914054,False,-1.0
2025-11-01,Premier League,Crystal Palace,Brentford,fora,0.3194943283261587,4.01,3.81,0.28117225658789624,0.02298532630895389,False,-1.0
2025-11-01,Premier League,Burnley,Arsenal,empate,0.1768123775389116,6.26,6.08,0.10684548339358657,-0.003840402270140042,False,-1.0
2025-11-01,Premier League,Brighton,Leeds,casa,0.5983912182651072,1.89,2.03,0.13095940252105254,-0.09560534163458445,True,0.8899999999999999
2025-11-01,Premier League,Fulham,Wolves,fora,0.251819678118717,4.56,4.92,0.14829773222134945,-0.10017254271451859,False,-1.0
2025-11-02,Premier League,West Ham,Newcastle,casa,0.2471835841669245,5.07,5.17,0.2532207717263073,-0.05048646163059278,True,4.07
2025-11-03,Premier League,Sunderland,Everton,empate,0.3686115178811204,3.18,3.2,0.1721846268619629,-0.03230797200254509,True,2.18
2025-11-08,Premier League,Tottenham,Man United,casa,0.4820246007904286,2.72,3.01,0.31110691414996583,-0.11605750282187,False,-1.0
2025-11-08,Premier League,Everton,Fulham,fora,0.3191161715890583,3.41,3.35,0.08818614511868894,-0.009156913430450997,False,-1.0
2025-11-08,Premier League,Sunderland,Arsenal,empate,0.3203049056598492,5.01,4.5,0.6047275773558445,0.08354206896551708,True,4.01
2025-11-08,Premier League,Chelsea,Wolves,fora,0.1638748173286786,8.42,9.2,0.37982596190747375,-0.11072710538426134,False,-1.0
2025-11-09,Premier League,Man City,Liverpool,fora,0.2793211646113822,3.85,3.86,0.0753864837538214,-0.026472543371436563,False,-1.0
2025-11-09,Premier League,Nott'm Forest,Leeds,casa,0.5216557659983024,2.29,2.23,0.1945917041361125,-0.0007765472503069581,True,1.29
2025-11-22,Premier League,Burnley,Chelsea,casa,0.1976674487061634,6.45,5.8,0.2749550441547539,0.08091071625378077,False,-1.0
2025-11-22,Premier League,Bournemouth,West Ham,fora,0.2472613770229908,5.26,5.12,0.30059484314093154,-0.007444690994573566,False,-1.0
2025-11-22,Premier League,Brighton,Brentford,fora,0.3295977175905007,4.05,3.59,0.33487075624152784,0.09787039870398706,False,-1.0
2025-11-22,Premier League,Fulham,Sunderland,fora,0.4081909854313106,3.95,4.0,0.612354392453677,-0.04028357514428793,False,-1.0
2025-11-22,Premier League,Wolves,Crystal Palace,casa,0.2799683340528141,3.92,4.53,0.09747586948703146,-0.1625928969006568,False,-1.0
2025-11-23,Premier League,Leeds,Aston Villa,fora,0.558965887631824,2.51,2.29,0.40300437795587807,0.06546039913154678,True,1.5099999999999998
2025-11-23,Premier League,Arsenal,Tottenham,fora,0.1438867565442488,7.88,7.69,0.13382764156868054,-0.009010765653259978,False,-1.0
2025-11-24,Premier League,Man United,Everton,fora,0.2614612465925239,4.68,4.08,0.22363863405301188,0.11385290633314549,True,3.6799999999999997
2025-11-29,Premier League,Man City,Leeds,casa,0.8525333074417144,1.25,1.22,0.06566663430214303,-0.002423740837077193,True,0.25
2025-11-29,Premier League,Tottenham,Fulham,casa,0.5111291817758489,2.3,2.4,0.17559711808445222,-0.06765772298767236,False,-1.0
2025-11-29,Premier League,Everton,Newcastle,fora,0.4110670250701017,2.64,2.73,0.08521694618506848,-0.05889978125253181,True,1.6400000000000001
2025-11-29,Premier League,Brentford,Burnley,fora,0.1708419037562858,6.95,7.05,0.18735123110618646,-0.0413066545399422,False,-1.0
2025-11-29,Premier League,Sunderland,Bournemouth,casa,0.5055414359769811,3.14,3.29,0.5874001089677208,-0.07194662767318583,True,2.14
2025-11-30,Premier League,Aston Villa,Wolves,fora,0.1659844318177135,6.56,7.25,0.08885787272420043,-0.12429563230512342,False,-1.0
2025-11-30,Premier League,West Ham,Liverpool,fora,0.6231235898609238,1.74,1.6,0.08423504635800727,0.05613175361329947,True,0.74
2025-12-02,Premier League,Newcastle,Tottenham,fora,0.2881133685596739,4.29,4.3,0.2360063511210011,-0.031542105180607516,False,-1.0
2025-12-03,Premier League,Leeds,Chelsea,fora,0.6170338739769068,1.8,1.99,0.11066097315843226,-0.12106125828371794,False,-1.0
2025-12-03,Premier League,Wolves,Nott'm Forest,casa,0.3489640257660609,3.27,3.17,0.14111236425501916,0.004917147192716298,False,-1.0
2025-12-03,Premier League,Liverpool,Sunderland,fora,0.237890165022175,8.12,8.52,0.9316681399800608,-0.07960433211236195,False,-1.0
2025-12-03,Premier League,Brighton,Aston Villa,fora,0.3550685489048059,3.37,3.27,0.1965810098091958,0.0019591713393545263,True,2.37
2025-12-03,Premier League,Arsenal,Brentford,fora,0.1390097701782533,8.75,8.07,0.21633548905971645,0.04920463519589968,False,-1.0
2025-12-03,Premier League,Burnley,Crystal Palace,casa,0.2660766898802622,4.64,5.05,0.23459584104441644,-0.10920678091644809,False,-1.0
2025-12-04,Premier League,Man United,West Ham,fora,0.2304460492292388,6.52,8.25,0.5025082409746369,-0.23490254969924762,False,-1.0
2025-12-06,Premier League,Everton,Nott'm Forest,fora,0.2972648151457963,3.63,3.84,0.07907127897924049,-0.08119563522992979,False,-1.0
2025-12-06,Premier League,Man City,Sunderland,fora,0.1827106980326058,11.08,11.0,1.0244345342012724,-0.025235121333025412,False,-1.0
2025-12-06,Premier League,Newcastle,Burnley,fora,0.1424616007389834,10.24,9.25,0.45880679156719006,0.07072842249188205,False,-1.0
2025-12-06,Premier League,Tottenham,Brentford,casa,0.4636975356087585,2.39,2.49,0.10823711010493287,-0.06492602858479046,True,1.3900000000000001
2025-12-06,Premier League,Leeds,Liverpool,fora,0.714742405831021,1.91,1.76,0.3651579951372501,0.05134996426947325,False,-1.0
2025-12-07,Premier League,Brighton,West Ham,fora,0.2225711841830252,5.73,5.35,0.27533288536873446,0.03953241137564456,False,-1.0
2025-12-08,Premier League,Wolves,Man United,casa,0.2921027559947455,4.19,5.35,0.22391054761798368,-0.24042377869334886,False,-1.0
2025-12-13,Premier League,Liverpool,Brighton,casa,0.6364246627030226,1.69,1.8,0.07555767996810814,-0.09119514586908539,True,0.69
2025-12-13,Premier League,Burnley,Fulham,casa,0.3094432838762929,3.98,4.06,0.23158426982764557,-0.047070789342401276,False,-1.0
2025-12-13,Premier League,Arsenal,Wolves,fora,0.0704823976125979,21.15,27.0,0.49070270950644557,-0.23704134861433102,False,-1.0
2025-12-14,Premier League,Nott'm Forest,Tottenham,fora,0.4130588070555915,2.82,2.74,0.16482583589676802,0.002034597805334215,False,-1.0
2025-12-14,Premier League,Sunderland,Newcastle,casa,0.4323990873350361,3.43,3.61,0.483128869559174,-0.0750831425016677,True,2.43
2025-12-14,Premier League,West Ham,Aston Villa,casa,0.2897487357437112,3.76,3.35,0.08945524639635405,0.09282708617032531,False,-1.0
2025-12-14,Premier League,Brentford,Leeds,casa,0.6672539693106514,1.97,2.23,0.31449031954198325,-0.14005327481258878,False,-1.0
2025-12-15,Premier League,Man United,Bournemouth,fora,0.297606132066693,3.93,4.2,0.1695920990221036,-0.09290042558421807,False,-1.0
2025-12-20,Premier League,Leeds,Crystal Palace,fora,0.5113819931073207,2.81,2.74,0.43698340063157115,-0.0021953557608749286,False,-1.0
2025-12-20,Premier League,Everton,Arsenal,empate,0.2683205005060692,4.09,4.2,0.09743084706982308,-0.05409176029962559,False,-1.0
2025-12-20,Premier League,Brighton,Sunderland,fora,0.3774063039383796,5.5,4.64,1.0757346716610878,0.1587920026674241,False,-1.0
2025-12-20,Premier League,Bournemouth,Burnley,fora,0.199167244156158,6.73,6.95,0.3403955531709435,-0.05793261083743839,False,-1.0
2025-12-20,Premier League,Newcastle,Chelsea,casa,0.3969955758978817,2.87,2.87,0.1393773028269205,-0.026240475748002368,False,-1.0
2025-12-20,Premier League,Man City,West Ham,empate,0.1344759950026758,7.87,8.25,0.0583260806710586,-0.07651423641069888,False,-1.0
2025-12-22,Premier League,Fulham,Nott'm Forest,casa,0.4484242459527916,2.51,2.66,0.12554485734150678,-0.08191752863696167,True,1.5099999999999998
2025-12-27,Premier League,Chelsea,Aston Villa,fora,0.2831291092447755,4.1,4.31,0.1608293479035796,-0.0784205721149327,True,3.0999999999999996
2025-12-27,Premier League,West Ham,Fulham,fora,0.3960219542261201,2.67,2.47,0.05737861778374054,0.052026545166402594,True,1.67
2025-12-27,Premier League,Brentford,Bournemouth,casa,0.4780835226858519,2.31,2.32,0.10437293740431786,-0.03053092747158126,True,1.31
2025-12-27,Premier League,Arsenal,Brighton,fora,0.137226584808014,8.08,9.7,0.10879080524875318,-0.19281100231984627,False,-1.0
2025-12-27,Premier League,Burnley,Everton,casa,0.2936722334167119,4.12,3.74,0.20992960167685304,0.07205764611689336,False,-1.0
2025-12-28,Premier League,Sunderland,Leeds,casa,0.5509227584845723,2.63,3.01,0.44892685481442496,-0.14925403499254042,False,-1.0
2025-12-28,Premier League,Crystal Palace,Tottenham,fora,0.3374007589673416,3.36,3.33,0.13366655013026785,-0.01736165865251138,True,2.36
2025-12-30,Premier League,Arsenal,Aston Villa,fora,0.1691600875389324,7.51,8.25,0.2703922574173825,-0.1187408993576019,False,-1.0
2025-12-30,Premier League,Man United,Wolves,fora,0.1810814613694611,8.33,8.25,0.5084085732076109,-0.020695726253017077,False,-1.0
2025-12-30,Premier League,West Ham,Brighton,casa,0.3232528849770886,3.6,3.53,0.16371038591751907,-0.00886996061353218,False,-1.0
2025-12-30,Premier League,Burnley,Newcastle,casa,0.2042081045188402,5.67,6.0,0.15785995262182384,-0.08330930537352554,False,-1.0
2025-12-30,Premier League,Chelsea,Bournemouth,fora,0.2097238309466794,5.95,5.6,0.24785679413274253,0.031829419035846795,False,-1.0
2025-12-30,Premier League,Nott'm Forest,Everton,fora,0.3037973508045899,3.88,4.54,0.17873372112180874,-0.16835334685338843,True,2.88
2026-01-01,Premier League,Crystal Palace,Fulham,fora,0.296954976463948,3.59,3.47,0.06606836550557316,0.007401959876943254,False,-1.0
2026-01-01,Premier League,Liverpool,Leeds,casa,0.7365347468204647,1.55,1.48,0.1416288575717204,0.018117565685004333,False,-1.0
2026-01-01,Premier League,Brentford,Tottenham,fora,0.3286681681226409,3.48,2.94,0.14376522506679024,0.15276044167066716,False,-1.0
2026-01-01,Premier League,Sunderland,Man City,casa,0.2375066930670159,7.71,7.75,0.8311766035466928,-0.03184210994643255,False,-1.0
2026-01-03,Premier League,Aston Villa,Nott'm Forest,fora,0.2255977241839029,4.83,4.29,0.0896370078082509,0.09325440340956104,False,-1.0
2026-01-03,Premier League,Brighton,Burnley,fora,0.1691730375187813,6.59,7.55,0.11485031724876871,-0.15266863787185891,False,-1.0
2026-01-03,Premier League,Wolves,West Ham,fora,0.3825830233619092,2.88,2.72,0.10183910728229839,0.029918784385642994,False,-1.0
2026-01-03,Premier League,Bournemouth,Arsenal,empate,0.2306311413476894,5.04,4.55,0.1623809523923545,0.07323590814196246,False,-1.0
2026-01-04,Premier League,Tottenham,Sunderland,fora,0.3457439130620914,4.39,4.22,0.5178157783425812,0.016402357014448032,False,-1.0
2026-01-04,Premier League,Everton,Brentford,fora,0.3608396157359017,3.24,3.09,0.16912035498432143,0.020457149443836142,True,2.24
2026-01-04,Premier League,Leeds,Man United,fora,0.4272032958236575,2.61,2.68,0.11500060209974605,-0.052887460699094,False,-1.0
2026-01-04,Premier League,Newcastle,Crystal Palace,fora,0.2518490345143525,4.86,5.19,0.22398630773975303,-0.09472019310519653,False,-1.0
2026-01-06,Premier League,West Ham,Nott'm Forest,casa,0.3746082080596231,3.29,3.05,0.23246100451615992,0.04877647814667152,False,-1.0
2026-01-07,Premier League,Bournemouth,Tottenham,fora,0.3693502523125195,3.36,3.23,0.24101684777006538,0.011159410171708739,False,-1.0
2026-01-07,Premier League,Brentford,Sunderland,fora,0.342744214108097,4.56,4.3,0.5629136163329223,0.030793935944817497,False,-1.0
2026-01-07,Premier League,Crystal Palace,Aston Villa,casa,0.3561698830235763,3.14,3.08,0.11837343269402956,-0.007279489904357228,False,-1.0
2026-01-07,Premier League,Everton,Wolves,fora,0.2169236848697754,5.06,4.6,0.09763384544106346,0.06735728689740883,False,-1.0
2026-01-07,Premier League,Fulham,Chelsea,casa,0.3057343616508378,3.45,3.7,0.0547835476953904,-0.09302524138124901,True,2.45
2026-01-07,Premier League,Burnley,Man United,casa,0.2601655100924734,4.92,4.98,0.2800143096549692,-0.044454366109438315,False,-1.0
2026-01-07,Premier League,Newcastle,Leeds,casa,0.6313016571767416,1.7,1.65,0.07321281720046069,-0.002725284350861501,True,0.7
2026-01-08,Premier League,Arsenal,Liverpool,fora,0.2433975957058953,5.49,5.75,0.3362528004253653,-0.07313150813856673,False,-1.0
